96,98,100,103,105,108,110,113,117,120,123,127,131,135,139,144,149,154,160,166,173,181,188,197,207,217,229,242,256,273,291,313,337,366,401,442,493,558,642,757,921,1178,1623,2435,6014,100000,100000,100000,100000,100000,100000,100000,100000,100000,100000,100000,100000,100000,100000,100000,100000,100000,100000,100000,100000,100000,100000,100000,100000,100000,100000,100000,100000,100000,100000,100000,100000,100000,100000,100000,100000,100000,100000,100000,100000,100000,100000,100000,100000,100000,100000,100000,100000,100000,100000,100000,100000,100000,100000,100000
96,98,100,102,105,108,110,113,116,120,123,127,131,135,139,144,149,154,160,166,173,181,188,197,207,217,229,242,256,273,291,313,337,366,401,442,493,558,642,757,921,1177,1624,2392,5995,100000,100000,100000,100000,100000,100000,100000,100000,100000,100000,100000,100000,100000,100000,100000,100000,100000,100000,100000,100000,100000,100000,100000,100000,100000,100000,100000,100000,100000,100000,100000,100000,100000,100000,100000,100000,100000,100000,100000,100000,100000,100000,100000,100000,100000,100000,100000,100000,100000,100000,100000,100000,100000,100000,100000
96,98,100,102,105,108,110,113,116,120,123,127,131,135,139,144,149,154,160,166,173,180,188,197,207,217,229,242,256,273,291,312,337,366,400,442,493,558,642,756,920,1176,1625,2477,5973,100000,100000,100000,100000,100000,100000,100000,100000,100000,100000,100000,100000,100000,100000,100000,100000,100000,100000,100000,100000,100000,100000,100000,100000,100000,100000,100000,100000,100000,100000,100000,100000,100000,100000,100000,100000,100000,100000,100000,100000,100000,100000,100000,100000,100000,100000,100000,100000,100000,100000,100000,100000,100000,100000,100000
96,98,100,102,105,108,110,113,116,120,123,127,131,135,139,144,149,154,160,166,173,180,188,197,207,217,229,242,256,273,291,312,337,366,400,442,493,558,642,756,920,1176,1626,2476,5947,100000,100000,100000,100000,100000,100000,100000,100000,100000,100000,100000,100000,100000,100000,100000,100000,100000,100000,100000,100000,100000,100000,100000,100000,100000,100000,100000,100000,100000,100000,100000,100000,100000,100000,100000,100000,100000,100000,100000,100000,100000,100000,100000,100000,100000,100000,100000,100000,100000,100000,100000,100000,100000,100000,100000
96,98,100,102,105,108,110,113,116,120,123,127,131,135,139,144,149,154,160,166,173,180,188,197,207,217,229,242,256,272,291,312,337,366,400,442,493,557,641,756,920,1175,1627,2475,5918,100000,100000,100000,100000,100000,100000,100000,100000,100000,100000,100000,100000,100000,100000,100000,100000,100000,100000,100000,100000,100000,100000,100000,100000,100000,100000,100000,100000,100000,100000,100000,100000,100000,100000,100000,100000,100000,100000,100000,100000,100000,100000,100000,100000,100000,100000,100000,100000,100000,100000,100000,100000,100000,100000,100000
96,98,100,102,105,108,110,113,116,120,123,127,131,135,139,144,149,154,160,166,173,180,188,197,207,217,229,242,256,272,291,312,337,366,400,442,493,557,641,755,919,1175,1628,2474,5884,100000,100000,100000,100000,100000,100000,100000,100000,100000,100000,100000,100000,100000,100000,100000,100000,100000,100000,100000,100000,100000,100000,100000,100000,100000,100000,100000,100000,100000,100000,100000,100000,100000,100000,100000,100000,100000,100000,100000,100000,100000,100000,100000,100000,100000,100000,100000,100000,100000,100000,100000,100000,100000,100000,100000
96,98,100,102,105,108,110,113,116,120,123,127,131,135,139,144,149,154,160,166,173,180,188,197,207,217,229,242,256,272,291,312,337,366,400,442,493,557,641,755,919,1174,1627,2473,5841,100000,100000,100000,100000,100000,100000,100000,100000,100000,100000,100000,100000,100000,100000,100000,100000,100000,100000,100000,100000,100000,100000,100000,100000,100000,100000,100000,100000,100000,100000,100000,100000,100000,100000,100000,100000,100000,100000,100000,100000,100000,100000,100000,100000,100000,100000,100000,100000,100000,100000,100000,100000,100000,100000,100000
96,98,100,102,105,108,110,113,116,120,123,127,131,135,139,144,149,154,160,166,173,180,188,197,207,217,229,242,256,272,291,312,337,366,400,441,492,557,641,755,918,1173,1626,2472,5783,100000,100000,100000,100000,100000,100000,100000,100000,100000,100000,100000,100000,100000,100000,100000,100000,100000,100000,100000,100000,100000,100000,100000,100000,100000,100000,100000,100000,100000,100000,100000,100000,100000,100000,100000,100000,100000,100000,100000,100000,100000,100000,100000,100000,100000,100000,100000,100000,100000,100000,100000,100000,100000,100000,100000
96,98,100,102,105,108,110,113,116,120,123,127,131,135,139,144,149,154,160,166,173,180,188,197,206,217,229,242,256,272,291,312,337,366,400,441,492,557,641,755,918,1173,1625,2470,5692,100000,100000,100000,100000,100000,100000,100000,100000,100000,100000,100000,100000,100000,100000,100000,100000,100000,100000,100000,100000,100000,100000,100000,100000,100000,100000,100000,100000,100000,100000,100000,100000,100000,100000,100000,100000,100000,100000,100000,100000,100000,100000,100000,100000,100000,100000,100000,100000,100000,100000,100000,100000,100000,100000,100000
96,98,100,102,105,108,110,113,116,120,123,127,131,135,139,144,149,154,160,166,173,180,188,197,206,217,229,241,256,272,291,312,337,366,400,441,492,557,640,754,918,1172,1624,2469,5242,100000,100000,100000,100000,100000,100000,100000,100000,100000,100000,100000,100000,100000,100000,100000,100000,100000,100000,100000,100000,100000,100000,100000,100000,100000,100000,100000,100000,100000,100000,100000,100000,100000,100000,100000,100000,100000,100000,100000,100000,100000,100000,100000,100000,100000,100000,100000,100000,100000,100000,100000,100000,100000,100000,100000
96,98,100,102,105,108,110,113,116,120,123,127,131,135,139,144,149,154,160,166,173,180,188,197,206,217,229,241,256,272,291,312,337,365,400,441,492,556,640,754,917,1171,1623,2467,5795,100000,100000,100000,100000,100000,100000,100000,100000,100000,100000,100000,100000,100000,100000,100000,100000,100000,100000,100000,100000,100000,100000,100000,100000,100000,100000,100000,100000,100000,100000,100000,100000,100000,100000,100000,100000,100000,100000,100000,100000,100000,100000,100000,100000,100000,100000,100000,100000,100000,100000,100000,100000,100000,100000,100000
96,98,100,102,105,108,110,113,116,120,123,127,131,135,139,144,149,154,160,166,173,180,188,197,206,217,228,241,256,272,291,312,337,365,400,441,492,556,640,754,917,1171,1622,2464,5911,100000,100000,100000,100000,100000,100000,100000,100000,100000,100000,100000,100000,100000,100000,100000,100000,100000,100000,100000,100000,100000,100000,100000,100000,100000,100000,100000,100000,100000,100000,100000,100000,100000,100000,100000,100000,100000,100000,100000,100000,100000,100000,100000,100000,100000,100000,100000,100000,100000,100000,100000,100000,100000,100000,100000
96,98,100,102,105,108,110,113,116,120,123,127,131,135,139,144,149,154,160,166,173,180,188,197,206,217,228,241,256,272,291,312,336,365,399,441,492,556,640,753,916,1170,1621,2462,5987,100000,100000,100000,100000,100000,100000,100000,100000,100000,100000,100000,100000,100000,100000,100000,100000,100000,100000,100000,100000,100000,100000,100000,100000,100000,100000,100000,100000,100000,100000,100000,100000,100000,100000,100000,100000,100000,100000,100000,100000,100000,100000,100000,100000,100000,100000,100000,100000,100000,100000,100000,100000,100000,100000,100000
96,98,100,102,105,108,110,113,116,120,123,127,131,135,139,144,149,154,160,166,173,180,188,197,206,217,228,241,256,272,291,312,336,365,399,441,492,556,640,753,916,1170,1620,2459,6044,100000,100000,100000,100000,100000,100000,100000,100000,100000,100000,100000,100000,100000,100000,100000,100000,100000,100000,100000,100000,100000,100000,100000,100000,100000,100000,100000,100000,100000,100000,100000,100000,100000,100000,100000,100000,100000,100000,100000,100000,100000,100000,100000,100000,100000,100000,100000,100000,100000,100000,100000,100000,100000,100000,100000
96,98,100,102,105,108,110,113,116,120,123,127,131,135,139,144,149,154,160,166,173,180,188,197,206,217,228,241,256,272,291,312,336,365,399,441,491,556,639,753,916,1169,1619,2456,6062,100000,100000,100000,100000,100000,100000,100000,100000,100000,100000,100000,100000,100000,100000,100000,100000,100000,100000,100000,100000,100000,100000,100000,100000,100000,100000,100000,100000,100000,100000,100000,100000,100000,100000,100000,100000,100000,100000,100000,100000,100000,100000,100000,100000,100000,100000,100000,100000,100000,100000,100000,100000,100000,100000,100000
95,98,100,102,105,108,110,113,116,120,123,127,131,135,139,144,149,154,160,166,173,180,188,197,206,217,228,241,256,272,290,312,336,365,399,440,491,556,639,753,915,1168,1618,2452,6045,100000,100000,100000,100000,100000,100000,100000,100000,100000,100000,100000,100000,100000,100000,100000,100000,100000,100000,100000,100000,100000,100000,100000,100000,100000,100000,100000,100000,100000,100000,100000,100000,100000,100000,100000,100000,100000,100000,100000,100000,100000,100000,100000,100000,100000,100000,100000,100000,100000,100000,100000,100000,100000,100000,100000
95,98,100,102,105,108,110,113,116,120,123,127,131,135,139,144,149,154,160,166,173,180,188,197,206,217,228,241,256,272,290,312,336,365,399,440,491,555,639,752,915,1168,1617,2447,5957,100000,100000,100000,100000,100000,100000,100000,100000,100000,100000,100000,100000,100000,100000,100000,100000,100000,100000,100000,100000,100000,100000,100000,100000,100000,100000,100000,100000,100000,100000,100000,100000,100000,100000,100000,100000,100000,100000,100000,100000,100000,100000,100000,100000,100000,100000,100000,100000,100000,100000,100000,100000,100000,100000,100000
95,98,100,102,105,108,110,113,116,120,123,127,131,135,139,144,149,154,160,166,173,180,188,197,206,217,228,241,256,272,290,312,336,365,399,440,491,555,639,752,914,1167,1616,2441,6006,100000,100000,100000,100000,100000,100000,100000,100000,100000,100000,100000,100000,100000,100000,100000,100000,100000,100000,100000,100000,100000,100000,100000,100000,100000,100000,100000,100000,100000,100000,100000,100000,100000,100000,100000,100000,100000,100000,100000,100000,100000,100000,100000,100000,100000,100000,100000,100000,100000,100000,100000,100000,100000,100000,100000
95,98,100,102,105,108,110,113,116,120,123,127,131,135,139,144,149,154,160,166,173,180,188,197,206,217,228,241,256,272,290,311,336,365,399,440,491,555,639,752,914,1167,1615,2433,5984,100000,100000,100000,100000,100000,100000,100000,100000,100000,100000,100000,100000,100000,100000,100000,100000,100000,100000,100000,100000,100000,100000,100000,100000,100000,100000,100000,100000,100000,100000,100000,100000,100000,100000,100000,100000,100000,100000,100000,100000,100000,100000,100000,100000,100000,100000,100000,100000,100000,100000,100000,100000,100000,100000,100000
95,98,100,102,105,108,110,113,116,120,123,127,131,135,139,144,149,154,160,166,173,180,188,197,206,217,228,241,256,272,290,311,336,365,399,440,491,555,638,751,914,1166,1614,2421,5958,100000,100000,100000,100000,100000,100000,100000,100000,100000,100000,100000,100000,100000,100000,100000,100000,100000,100000,100000,100000,100000,100000,100000,100000,100000,100000,100000,100000,100000,100000,100000,100000,100000,100000,100000,100000,100000,100000,100000,100000,100000,100000,100000,100000,100000,100000,100000,100000,100000,100000,100000,100000,100000,100000,100000
95,98,100,102,105,108,110,113,116,120,123,127,131,135,139,144,149,154,160,166,173,180,188,197,206,217,228,241,255,272,290,311,336,365,399,440,491,555,638,751,913,1166,1613,2393,5929,100000,100000,100000,100000,100000,100000,100000,100000,100000,100000,100000,100000,100000,100000,100000,100000,100000,100000,100000,100000,100000,100000,100000,100000,100000,100000,100000,100000,100000,100000,100000,100000,100000,100000,100000,100000,100000,100000,100000,100000,100000,100000,100000,100000,100000,100000,100000,100000,100000,100000,100000,100000,100000,100000,100000
95,98,100,102,105,107,110,113,116,120,123,127,131,135,139,144,149,154,160,166,173,180,188,197,206,217,228,241,255,272,290,311,336,365,399,440,491,555,638,751,913,1165,1612,2433,5895,100000,100000,100000,100000,100000,100000,100000,100000,100000,100000,100000,100000,100000,100000,100000,100000,100000,100000,100000,100000,100000,100000,100000,100000,100000,100000,100000,100000,100000,100000,100000,100000,100000,100000,100000,100000,100000,100000,100000,100000,100000,100000,100000,100000,100000,100000,100000,100000,100000,100000,100000,100000,100000,100000,100000
95,98,100,102,105,107,110,113,116,120,123,127,131,135,139,144,149,154,160,166,173,180,188,197,206,217,228,241,255,272,290,311,336,364,399,440,490,554,638,751,913,1164,1611,2458,5689,100000,100000,100000,100000,100000,100000,100000,100000,100000,100000,100000,100000,100000,100000,100000,100000,100000,100000,100000,100000,100000,100000,100000,100000,100000,100000,100000,100000,100000,100000,100000,100000,100000,100000,100000,100000,100000,100000,100000,100000,100000,100000,100000,100000,100000,100000,100000,100000,100000,100000,100000,100000,100000,100000,100000
95,98,100,102,105,107,110,113,116,120,123,127,130,135,139,144,149,154,160,166,173,180,188,197,206,216,228,241,255,272,290,311,336,364,398,440,490,554,637,750,912,1164,1610,2472,5801,100000,100000,100000,100000,100000,100000,100000,100000,100000,100000,100000,100000,100000,100000,100000,100000,100000,100000,100000,100000,100000,100000,100000,100000,100000,100000,100000,100000,100000,100000,100000,100000,100000,100000,100000,100000,100000,100000,100000,100000,100000,100000,100000,100000,100000,100000,100000,100000,100000,100000,100000,100000,100000,100000,100000
95,98,100,102,105,107,110,113,116,120,123,127,130,135,139,144,149,154,160,166,173,180,188,197,206,216,228,241,255,272,290,311,336,364,398,440,490,554,637,750,912,1163,1609,2483,5725,100000,100000,100000,100000,100000,100000,100000,100000,100000,100000,100000,100000,100000,100000,100000,100000,100000,100000,100000,100000,100000,100000,100000,100000,100000,100000,100000,100000,100000,100000,100000,100000,100000,100000,100000,100000,100000,100000,100000,100000,100000,100000,100000,100000,100000,100000,100000,100000,100000,100000,100000,100000,100000,100000,100000
95,98,100,102,105,107,110,113,116,120,123,127,130,135,139,144,149,154,160,166,173,180,188,197,206,216,228,241,255,271,290,311,336,364,398,439,490,554,637,750,911,1163,1608,2491,5572,100000,100000,100000,100000,100000,100000,100000,100000,100000,100000,100000,100000,100000,100000,100000,100000,100000,100000,100000,100000,100000,100000,100000,100000,100000,100000,100000,100000,100000,100000,100000,100000,100000,100000,100000,100000,100000,100000,100000,100000,100000,100000,100000,100000,100000,100000,100000,100000,100000,100000,100000,100000,100000,100000,100000
95,98,100,102,105,107,110,113,116,119,123,127,130,135,139,144,149,154,160,166,173,180,188,196,206,216,228,241,255,271,290,311,335,364,398,439,490,554,637,750,911,1162,1607,2495,5653,100000,100000,100000,100000,100000,100000,100000,100000,100000,100000,100000,100000,100000,100000,100000,100000,100000,100000,100000,100000,100000,100000,100000,100000,100000,100000,100000,100000,100000,100000,100000,100000,100000,100000,100000,100000,100000,100000,100000,100000,100000,100000,100000,100000,100000,100000,100000,100000,100000,100000,100000,100000,100000,100000,100000
95,98,100,102,105,107,110,113,116,119,123,127,130,135,139,144,149,154,160,166,173,180,188,196,206,216,228,241,255,271,290,311,335,364,398,439,490,554,637,749,911,1162,1606,2494,5800,100000,100000,100000,100000,100000,100000,100000,100000,100000,100000,100000,100000,100000,100000,100000,100000,100000,100000,100000,100000,100000,100000,100000,100000,100000,100000,100000,100000,100000,100000,100000,100000,100000,100000,100000,100000,100000,100000,100000,100000,100000,100000,100000,100000,100000,100000,100000,100000,100000,100000,100000,100000,100000,100000,100000
95,98,100,102,105,107,110,113,116,119,123,127,130,135,139,144,149,154,160,166,173,180,188,196,206,216,228,241,255,271,290,311,335,364,398,439,490,553,636,749,910,1161,1605,2494,5881,100000,100000,100000,100000,100000,100000,100000,100000,100000,100000,100000,100000,100000,100000,100000,100000,100000,100000,100000,100000,100000,100000,100000,100000,100000,100000,100000,100000,100000,100000,100000,100000,100000,100000,100000,100000,100000,100000,100000,100000,100000,100000,100000,100000,100000,100000,100000,100000,100000,100000,100000,100000,100000,100000,100000
95,98,100,102,105,107,110,113,116,119,123,127,130,135,139,144,149,154,160,166,173,180,188,196,206,216,228,241,255,271,290,311,335,364,398,439,490,553,636,749,910,1161,1604,2493,5940,100000,100000,100000,100000,100000,100000,100000,100000,100000,100000,100000,100000,100000,100000,100000,100000,100000,100000,100000,100000,100000,100000,100000,100000,100000,100000,100000,100000,100000,100000,100000,100000,100000,100000,100000,100000,100000,100000,100000,100000,100000,100000,100000,100000,100000,100000,100000,100000,100000,100000,100000,100000,100000,100000,100000
95,98,100,102,105,107,110,113,116,119,123,127,130,135,139,144,149,154,160,166,173,180,188,196,206,216,228,241,255,271,290,311,335,364,398,439,489,553,636,748,910,1160,1604,2493,5986,100000,100000,100000,100000,100000,100000,100000,100000,100000,100000,100000,100000,100000,100000,100000,100000,100000,100000,100000,100000,100000,100000,100000,100000,100000,100000,100000,100000,100000,100000,100000,100000,100000,100000,100000,100000,100000,100000,100000,100000,100000,100000,100000,100000,100000,100000,100000,100000,100000,100000,100000,100000,100000,100000,100000
95,98,100,102,105,107,110,113,116,119,123,127,130,134,139,144,149,154,160,166,173,180,188,196,206,216,228,241,255,271,290,311,335,364,398,439,489,553,636,748,909,1160,1603,2492,6025,100000,100000,100000,100000,100000,100000,100000,100000,100000,100000,100000,100000,100000,100000,100000,100000,100000,100000,100000,100000,100000,100000,100000,100000,100000,100000,100000,100000,100000,100000,100000,100000,100000,100000,100000,100000,100000,100000,100000,100000,100000,100000,100000,100000,100000,100000,100000,100000,100000,100000,100000,100000,100000,100000,100000
95,98,100,102,105,107,110,113,116,119,123,127,130,134,139,144,149,154,160,166,173,180,188,196,206,216,228,241,255,271,290,311,335,364,398,439,489,553,636,748,909,1159,1602,2491,6058,100000,100000,100000,100000,100000,100000,100000,100000,100000,100000,100000,100000,100000,100000,100000,100000,100000,100000,100000,100000,100000,100000,100000,100000,100000,100000,100000,100000,100000,100000,100000,100000,100000,100000,100000,100000,100000,100000,100000,100000,100000,100000,100000,100000,100000,100000,100000,100000,100000,100000,100000,100000,100000,100000,100000
95,98,100,102,105,107,110,113,116,119,123,126,130,134,139,144,149,154,160,166,173,180,188,196,206,216,228,241,255,271,290,311,335,364,398,439,489,553,635,748,909,1159,1601,2489,6087,100000,100000,100000,100000,100000,100000,100000,100000,100000,100000,100000,100000,100000,100000,100000,100000,100000,100000,100000,100000,100000,100000,100000,100000,100000,100000,100000,100000,100000,100000,100000,100000,100000,100000,100000,100000,100000,100000,100000,100000,100000,100000,100000,100000,100000,100000,100000,100000,100000,100000,100000,100000,100000,100000,100000
95,98,100,102,105,107,110,113,116,119,123,126,130,134,139,143,148,154,160,166,172,180,188,196,206,216,228,241,255,271,289,311,335,364,397,438,489,552,635,747,908,1158,1600,2488,6112,100000,100000,100000,100000,100000,100000,100000,100000,100000,100000,100000,100000,100000,100000,100000,100000,100000,100000,100000,100000,100000,100000,100000,100000,100000,100000,100000,100000,100000,100000,100000,100000,100000,100000,100000,100000,100000,100000,100000,100000,100000,100000,100000,100000,100000,100000,100000,100000,100000,100000,100000,100000,100000,100000,100000
95,98,100,102,105,107,110,113,116,119,123,126,130,134,139,143,148,154,160,166,172,180,188,196,206,216,228,240,255,271,289,310,335,363,397,438,489,552,635,747,908,1157,1599,2487,6095,100000,100000,100000,100000,100000,100000,100000,100000,100000,100000,100000,100000,100000,100000,100000,100000,100000,100000,100000,100000,100000,100000,100000,100000,100000,100000,100000,100000,100000,100000,100000,100000,100000,100000,100000,100000,100000,100000,100000,100000,100000,100000,100000,100000,100000,100000,100000,100000,100000,100000,100000,100000,100000,100000,100000
95,98,100,102,105,107,110,113,116,119,123,126,130,134,139,143,148,154,160,166,172,180,188,196,206,216,228,240,255,271,289,310,335,363,397,438,489,552,635,747,907,1157,1598,2485,6077,100000,100000,100000,100000,100000,100000,100000,100000,100000,100000,100000,100000,100000,100000,100000,100000,100000,100000,100000,100000,100000,100000,100000,100000,100000,100000,100000,100000,100000,100000,100000,100000,100000,100000,100000,100000,100000,100000,100000,100000,100000,100000,100000,100000,100000,100000,100000,100000,100000,100000,100000,100000,100000,100000,100000
95,98,100,102,105,107,110,113,116,119,123,126,130,134,139,143,148,154,160,166,172,180,188,196,206,216,228,240,255,271,289,310,335,363,397,438,488,552,635,747,907,1156,1597,2483,6057,100000,100000,100000,100000,100000,100000,100000,100000,100000,100000,100000,100000,100000,100000,100000,100000,100000,100000,100000,100000,100000,100000,100000,100000,100000,100000,100000,100000,100000,100000,100000,100000,100000,100000,100000,100000,100000,100000,100000,100000,100000,100000,100000,100000,100000,100000,100000,100000,100000,100000,100000,100000,100000,100000,100000
95,98,100,102,105,107,110,113,116,119,123,126,130,134,139,143,148,154,160,166,172,180,188,196,206,216,228,240,255,271,289,310,335,363,397,438,488,552,634,746,907,1156,1597,2481,6034,100000,100000,100000,100000,100000,100000,100000,100000,100000,100000,100000,100000,100000,100000,100000,100000,100000,100000,100000,100000,100000,100000,100000,100000,100000,100000,100000,100000,100000,100000,100000,100000,100000,100000,100000,100000,100000,100000,100000,100000,100000,100000,100000,100000,100000,100000,100000,100000,100000,100000,100000,100000,100000,100000,100000
95,98,100,102,105,107,110,113,116,119,123,126,130,134,139,143,148,154,160,166,172,180,188,196,206,216,228,240,255,271,289,310,335,363,397,438,488,552,634,746,906,1155,1596,2478,6010,100000,100000,100000,100000,100000,100000,100000,100000,100000,100000,100000,100000,100000,100000,100000,100000,100000,100000,100000,100000,100000,100000,100000,100000,100000,100000,100000,100000,100000,100000,100000,100000,100000,100000,100000,100000,100000,100000,100000,100000,100000,100000,100000,100000,100000,100000,100000,100000,100000,100000,100000,100000,100000,100000,100000
95,98,100,102,105,107,110,113,116,119,123,126,130,134,139,143,148,154,159,166,172,180,188,196,206,216,227,240,255,271,289,310,335,363,397,438,488,552,634,746,906,1155,1595,2475,5982,100000,100000,100000,100000,100000,100000,100000,100000,100000,100000,100000,100000,100000,100000,100000,100000,100000,100000,100000,100000,100000,100000,100000,100000,100000,100000,100000,100000,100000,100000,100000,100000,100000,100000,100000,100000,100000,100000,100000,100000,100000,100000,100000,100000,100000,100000,100000,100000,100000,100000,100000,100000,100000,100000,100000
95,97,100,102,105,107,110,113,116,119,123,126,130,134,139,143,148,154,159,166,172,180,187,196,206,216,227,240,255,271,289,310,334,363,397,438,488,551,634,746,906,1154,1594,2472,5950,100000,100000,100000,100000,100000,100000,100000,100000,100000,100000,100000,100000,100000,100000,100000,100000,100000,100000,100000,100000,100000,100000,100000,100000,100000,100000,100000,100000,100000,100000,100000,100000,100000,100000,100000,100000,100000,100000,100000,100000,100000,100000,100000,100000,100000,100000,100000,100000,100000,100000,100000,100000,100000,100000,100000
95,97,100,102,105,107,110,113,116,119,123,126,130,134,139,143,148,154,159,166,172,180,187,196,206,216,227,240,255,271,289,310,334,363,397,438,488,551,634,745,905,1154,1593,2468,5912,100000,100000,100000,100000,100000,100000,100000,100000,100000,100000,100000,100000,100000,100000,100000,100000,100000,100000,100000,100000,100000,100000,100000,100000,100000,100000,100000,100000,100000,100000,100000,100000,100000,100000,100000,100000,100000,100000,100000,100000,100000,100000,100000,100000,100000,100000,100000,100000,100000,100000,100000,100000,100000,100000,100000
95,97,100,102,105,107,110,113,116,119,123,126,130,134,139,143,148,154,159,166,172,180,187,196,205,216,227,240,255,271,289,310,334,363,397,438,488,551,634,745,905,1153,1593,2463,5866,100000,100000,100000,100000,100000,100000,100000,100000,100000,100000,100000,100000,100000,100000,100000,100000,100000,100000,100000,100000,100000,100000,100000,100000,100000,100000,100000,100000,100000,100000,100000,100000,100000,100000,100000,100000,100000,100000,100000,100000,100000,100000,100000,100000,100000,100000,100000,100000,100000,100000,100000,100000,100000,100000,100000
95,97,100,102,105,107,110,113,116,119,123,126,130,134,139,143,148,154,159,166,172,180,187,196,205,216,227,240,254,271,289,310,334,363,397,437,488,551,633,745,905,1153,1592,2458,5806,100000,100000,100000,100000,100000,100000,100000,100000,100000,100000,100000,100000,100000,100000,100000,100000,100000,100000,100000,100000,100000,100000,100000,100000,100000,100000,100000,100000,100000,100000,100000,100000,100000,100000,100000,100000,100000,100000,100000,100000,100000,100000,100000,100000,100000,100000,100000,100000,100000,100000,100000,100000,100000,100000,100000
95,97,100,102,105,107,110,113,116,119,123,126,130,134,139,143,148,154,159,166,172,180,187,196,205,216,227,240,254,271,289,310,334,363,397,437,487,551,633,745,904,1152,1591,2451,5718,100000,100000,100000,100000,100000,100000,100000,100000,100000,100000,100000,100000,100000,100000,100000,100000,100000,100000,100000,100000,100000,100000,100000,100000,100000,100000,100000,100000,100000,100000,100000,100000,100000,100000,100000,100000,100000,100000,100000,100000,100000,100000,100000,100000,100000,100000,100000,100000,100000,100000,100000,100000,100000,100000,100000
95,97,100,102,105,107,110,113,116,119,123,126,130,134,139,143,148,154,159,166,172,179,187,196,205,216,227,240,254,271,289,310,334,363,396,437,487,551,633,744,904,1152,1590,2442,5511,100000,100000,100000,100000,100000,100000,100000,100000,100000,100000,100000,100000,100000,100000,100000,100000,100000,100000,100000,100000,100000,100000,100000,100000,100000,100000,100000,100000,100000,100000,100000,100000,100000,100000,100000,100000,100000,100000,100000,100000,100000,100000,100000,100000,100000,100000,100000,100000,100000,100000,100000,100000,100000,100000,100000
95,97,100,102,105,107,110,113,116,119,123,126,130,134,139,143,148,154,159,166,172,179,187,196,205,216,227,240,254,270,289,310,334,363,396,437,487,550,633,744,904,1151,1589,2430,5646,100000,100000,100000,100000,100000,100000,100000,100000,100000,100000,100000,100000,100000,100000,100000,100000,100000,100000,100000,100000,100000,100000,100000,100000,100000,100000,100000,100000,100000,100000,100000,100000,100000,100000,100000,100000,100000,100000,100000,100000,100000,100000,100000,100000,100000,100000,100000,100000,100000,100000,100000,100000,100000,100000,100000
95,97,100,102,105,107,110,113,116,119,123,126,130,134,139,143,148,154,159,166,172,179,187,196,205,216,227,240,254,270,289,310,334,362,396,437,487,550,633,744,903,1151,1589,2409,5764,100000,100000,100000,100000,100000,100000,100000,100000,100000,100000,100000,100000,100000,100000,100000,100000,100000,100000,100000,100000,100000,100000,100000,100000,100000,100000,100000,100000,100000,100000,100000,100000,100000,100000,100000,100000,100000,100000,100000,100000,100000,100000,100000,100000,100000,100000,100000,100000,100000,100000,100000,100000,100000,100000,100000
95,97,100,102,105,107,110,113,116,119,123,126,130,134,139,143,148,154,159,166,172,179,187,196,205,216,227,240,254,270,289,310,334,362,396,437,487,550,632,744,903,1150,1588,2385,5834,100000,100000,100000,100000,100000,100000,100000,100000,100000,100000,100000,100000,100000,100000,100000,100000,100000,100000,100000,100000,100000,100000,100000,100000,100000,100000,100000,100000,100000,100000,100000,100000,100000,100000,100000,100000,100000,100000,100000,100000,100000,100000,100000,100000,100000,100000,100000,100000,100000,100000,100000,100000,100000,100000,100000
95,97,100,102,105,107,110,113,116,119,123,126,130,134,139,143,148,154,159,165,172,179,187,196,205,216,227,240,254,270,289,310,334,362,396,437,487,550,632,743,903,1150,1587,2418,5886,100000,100000,100000,100000,100000,100000,100000,100000,100000,100000,100000,100000,100000,100000,100000,100000,100000,100000,100000,100000,100000,100000,100000,100000,100000,100000,100000,100000,100000,100000,100000,100000,100000,100000,100000,100000,100000,100000,100000,100000,100000,100000,100000,100000,100000,100000,100000,100000,100000,100000,100000,100000,100000,100000,100000
95,97,100,102,105,107,110,113,116,119,123,126,130,134,139,143,148,154,159,165,172,179,187,196,205,216,227,240,254,270,289,310,334,362,396,437,487,550,632,743,902,1150,1585,2432,5927,100000,100000,100000,100000,100000,100000,100000,100000,100000,100000,100000,100000,100000,100000,100000,100000,100000,100000,100000,100000,100000,100000,100000,100000,100000,100000,100000,100000,100000,100000,100000,100000,100000,100000,100000,100000,100000,100000,100000,100000,100000,100000,100000,100000,100000,100000,100000,100000,100000,100000,100000,100000,100000,100000,100000
95,97,100,102,105,107,110,113,116,119,123,126,130,134,139,143,148,154,159,165,172,179,187,196,205,216,227,240,254,270,289,310,334,362,396,437,487,550,632,743,902,1149,1584,2442,5961,100000,100000,100000,100000,100000,100000,100000,100000,100000,100000,100000,100000,100000,100000,100000,100000,100000,100000,100000,100000,100000,100000,100000,100000,100000,100000,100000,100000,100000,100000,100000,100000,100000,100000,100000,100000,100000,100000,100000,100000,100000,100000,100000,100000,100000,100000,100000,100000,100000,100000,100000,100000,100000,100000,100000
95,97,100,102,105,107,110,113,116,119,123,126,130,134,139,143,148,154,159,165,172,179,187,196,205,216,227,240,254,270,289,309,334,362,396,436,487,550,632,743,902,1149,1583,2449,5991,100000,100000,100000,100000,100000,100000,100000,100000,100000,100000,100000,100000,100000,100000,100000,100000,100000,100000,100000,100000,100000,100000,100000,100000,100000,100000,100000,100000,100000,100000,100000,100000,100000,100000,100000,100000,100000,100000,100000,100000,100000,100000,100000,100000,100000,100000,100000,100000,100000,100000,100000,100000,100000,100000,100000
95,97,100,102,105,107,110,113,116,119,123,126,130,134,139,143,148,154,159,165,172,179,187,196,205,216,227,240,254,270,288,309,334,362,396,436,486,549,631,742,901,1148,1582,2455,6017,100000,100000,100000,100000,100000,100000,100000,100000,100000,100000,100000,100000,100000,100000,100000,100000,100000,100000,100000,100000,100000,100000,100000,100000,100000,100000,100000,100000,100000,100000,100000,100000,100000,100000,100000,100000,100000,100000,100000,100000,100000,100000,100000,100000,100000,100000,100000,100000,100000,100000,100000,100000,100000,100000,100000
95,97,100,102,105,107,110,113,116,119,123,126,130,134,139,143,148,153,159,165,172,179,187,196,205,216,227,240,254,270,288,309,334,362,396,436,486,549,631,742,901,1148,1581,2460,6041,100000,100000,100000,100000,100000,100000,100000,100000,100000,100000,100000,100000,100000,100000,100000,100000,100000,100000,100000,100000,100000,100000,100000,100000,100000,100000,100000,100000,100000,100000,100000,100000,100000,100000,100000,100000,100000,100000,100000,100000,100000,100000,100000,100000,100000,100000,100000,100000,100000,100000,100000,100000,100000,100000,100000
95,97,100,102,105,107,110,113,116,119,123,126,130,134,139,143,148,153,159,165,172,179,187,196,205,215,227,240,254,270,288,309,334,362,396,436,486,549,631,742,901,1147,1580,2464,6062,100000,100000,100000,100000,100000,100000,100000,100000,100000,100000,100000,100000,100000,100000,100000,100000,100000,100000,100000,100000,100000,100000,100000,100000,100000,100000,100000,100000,100000,100000,100000,100000,100000,100000,100000,100000,100000,100000,100000,100000,100000,100000,100000,100000,100000,100000,100000,100000,100000,100000,100000,100000,100000,100000,100000
95,97,100,102,105,107,110,113,116,119,123,126,130,134,139,143,148,153,159,165,172,179,187,196,205,215,227,240,254,270,288,309,333,362,395,436,486,549,631,742,900,1147,1579,2468,6061,100000,100000,100000,100000,100000,100000,100000,100000,100000,100000,100000,100000,100000,100000,100000,100000,100000,100000,100000,100000,100000,100000,100000,100000,100000,100000,100000,100000,100000,100000,100000,100000,100000,100000,100000,100000,100000,100000,100000,100000,100000,100000,100000,100000,100000,100000,100000,100000,100000,100000,100000,100000,100000,100000,100000
95,97,100,102,105,107,110,113,116,119,123,126,130,134,138,143,148,153,159,165,172,179,187,196,205,215,227,240,254,270,288,309,333,362,395,436,486,549,631,742,900,1146,1578,2471,6028,100000,100000,100000,100000,100000,100000,100000,100000,100000,100000,100000,100000,100000,100000,100000,100000,100000,100000,100000,100000,100000,100000,100000,100000,100000,100000,100000,100000,100000,100000,100000,100000,100000,100000,100000,100000,100000,100000,100000,100000,100000,100000,100000,100000,100000,100000,100000,100000,100000,100000,100000,100000,100000,100000,100000
95,97,100,102,105,107,110,113,116,119,123,126,130,134,138,143,148,153,159,165,172,179,187,196,205,215,227,240,254,270,288,309,333,362,395,436,486,549,631,741,900,1146,1577,2474,5990,100000,100000,100000,100000,100000,100000,100000,100000,100000,100000,100000,100000,100000,100000,100000,100000,100000,100000,100000,100000,100000,100000,100000,100000,100000,100000,100000,100000,100000,100000,100000,100000,100000,100000,100000,100000,100000,100000,100000,100000,100000,100000,100000,100000,100000,100000,100000,100000,100000,100000,100000,100000,100000,100000,100000
95,97,100,102,105,107,110,113,116,119,123,126,130,134,138,143,148,153,159,165,172,179,187,196,205,215,227,240,254,270,288,309,333,362,395,436,486,549,630,741,899,1145,1576,2477,5909,100000,100000,100000,100000,100000,100000,100000,100000,100000,100000,100000,100000,100000,100000,100000,100000,100000,100000,100000,100000,100000,100000,100000,100000,100000,100000,100000,100000,100000,100000,100000,100000,100000,100000,100000,100000,100000,100000,100000,100000,100000,100000,100000,100000,100000,100000,100000,100000,100000,100000,100000,100000,100000,100000,100000
95,97,100,102,105,107,110,113,116,119,123,126,130,134,138,143,148,153,159,165,172,179,187,196,205,215,227,240,254,270,288,309,333,362,395,436,486,548,630,741,899,1145,1575,2479,5888,100000,100000,100000,100000,100000,100000,100000,100000,100000,100000,100000,100000,100000,100000,100000,100000,100000,100000,100000,100000,100000,100000,100000,100000,100000,100000,100000,100000,100000,100000,100000,100000,100000,100000,100000,100000,100000,100000,100000,100000,100000,100000,100000,100000,100000,100000,100000,100000,100000,100000,100000,100000,100000,100000,100000
95,97,100,102,105,107,110,113,116,119,123,126,130,134,138,143,148,153,159,165,172,179,187,196,205,215,227,239,254,270,288,309,333,361,395,436,485,548,630,741,899,1144,1574,2481,5809,100000,100000,100000,100000,100000,100000,100000,100000,100000,100000,100000,100000,100000,100000,100000,100000,100000,100000,100000,100000,100000,100000,100000,100000,100000,100000,100000,100000,100000,100000,100000,100000,100000,100000,100000,100000,100000,100000,100000,100000,100000,100000,100000,100000,100000,100000,100000,100000,100000,100000,100000,100000,100000,100000,100000
95,97,100,102,104,107,110,113,116,119,123,126,130,134,138,143,148,153,159,165,172,179,187,196,205,215,227,239,254,270,288,309,333,361,395,435,485,548,630,740,899,1144,1573,2483,5674,100000,100000,100000,100000,100000,100000,100000,100000,100000,100000,100000,100000,100000,100000,100000,100000,100000,100000,100000,100000,100000,100000,100000,100000,100000,100000,100000,100000,100000,100000,100000,100000,100000,100000,100000,100000,100000,100000,100000,100000,100000,100000,100000,100000,100000,100000,100000,100000,100000,100000,100000,100000,100000,100000,100000
95,97,100,102,104,107,110,113,116,119,123,126,130,134,138,143,148,153,159,165,172,179,187,196,205,215,227,239,254,270,288,309,333,361,395,435,485,548,630,740,898,1144,1572,2484,5542,100000,100000,100000,100000,100000,100000,100000,100000,100000,100000,100000,100000,100000,100000,100000,100000,100000,100000,100000,100000,100000,100000,100000,100000,100000,100000,100000,100000,100000,100000,100000,100000,100000,100000,100000,100000,100000,100000,100000,100000,100000,100000,100000,100000,100000,100000,100000,100000,100000,100000,100000,100000,100000,100000,100000
95,97,100,102,104,107,110,113,116,119,122,126,130,134,138,143,148,153,159,165,172,179,187,195,205,215,227,239,254,270,288,309,333,361,395,435,485,548,629,740,898,1143,1571,2484,5715,100000,100000,100000,100000,100000,100000,100000,100000,100000,100000,100000,100000,100000,100000,100000,100000,100000,100000,100000,100000,100000,100000,100000,100000,100000,100000,100000,100000,100000,100000,100000,100000,100000,100000,100000,100000,100000,100000,100000,100000,100000,100000,100000,100000,100000,100000,100000,100000,100000,100000,100000,100000,100000,100000,100000
95,97,100,102,104,107,110,113,116,119,122,126,130,134,138,143,148,153,159,165,172,179,187,195,205,215,227,239,254,270,288,309,333,361,395,435,485,548,629,740,898,1143,1570,2474,5795,100000,100000,100000,100000,100000,100000,100000,100000,100000,100000,100000,100000,100000,100000,100000,100000,100000,100000,100000,100000,100000,100000,100000,100000,100000,100000,100000,100000,100000,100000,100000,100000,100000,100000,100000,100000,100000,100000,100000,100000,100000,100000,100000,100000,100000,100000,100000,100000,100000,100000,100000,100000,100000,100000,100000
95,97,100,102,104,107,110,113,116,119,122,126,130,134,138,143,148,153,159,165,172,179,187,195,205,215,227,239,254,270,288,309,333,361,395,435,485,548,629,739,897,1142,1569,2459,5789,100000,100000,100000,100000,100000,100000,100000,100000,100000,100000,100000,100000,100000,100000,100000,100000,100000,100000,100000,100000,100000,100000,100000,100000,100000,100000,100000,100000,100000,100000,100000,100000,100000,100000,100000,100000,100000,100000,100000,100000,100000,100000,100000,100000,100000,100000,100000,100000,100000,100000,100000,100000,100000,100000,100000
95,97,100,102,104,107,110,113,116,119,122,126,130,134,138,143,148,153,159,165,172,179,187,195,205,215,227,239,254,270,288,309,333,361,395,435,485,547,629,739,897,1142,1568,2436,5892,100000,100000,100000,100000,100000,100000,100000,100000,100000,100000,100000,100000,100000,100000,100000,100000,100000,100000,100000,100000,100000,100000,100000,100000,100000,100000,100000,100000,100000,100000,100000,100000,100000,100000,100000,100000,100000,100000,100000,100000,100000,100000,100000,100000,100000,100000,100000,100000,100000,100000,100000,100000,100000,100000,100000
95,97,100,102,104,107,110,113,116,119,122,126,130,134,138,143,148,153,159,165,172,179,187,195,205,215,227,239,253,269,288,309,333,361,394,435,485,547,629,739,897,1141,1567,2386,5926,100000,100000,100000,100000,100000,100000,100000,100000,100000,100000,100000,100000,100000,100000,100000,100000,100000,100000,100000,100000,100000,100000,100000,100000,100000,100000,100000,100000,100000,100000,100000,100000,100000,100000,100000,100000,100000,100000,100000,100000,100000,100000,100000,100000,100000,100000,100000,100000,100000,100000,100000,100000,100000,100000,100000
95,97,100,102,104,107,110,113,116,119,122,126,130,134,138,143,148,153,159,165,172,179,187,195,205,215,226,239,253,269,288,309,333,361,394,435,485,547,629,739,896,1141,1566,2419,5956,100000,100000,100000,100000,100000,100000,100000,100000,100000,100000,100000,100000,100000,100000,100000,100000,100000,100000,100000,100000,100000,100000,100000,100000,100000,100000,100000,100000,100000,100000,100000,100000,100000,100000,100000,100000,100000,100000,100000,100000,100000,100000,100000,100000,100000,100000,100000,100000,100000,100000,100000,100000,100000,100000,100000
95,97,100,102,104,107,110,113,116,119,122,126,130,134,138,143,148,153,159,165,172,179,187,195,205,215,226,239,253,269,288,308,333,361,394,435,484,547,628,739,896,1140,1565,2432,5981,100000,100000,100000,100000,100000,100000,100000,100000,100000,100000,100000,100000,100000,100000,100000,100000,100000,100000,100000,100000,100000,100000,100000,100000,100000,100000,100000,100000,100000,100000,100000,100000,100000,100000,100000,100000,100000,100000,100000,100000,100000,100000,100000,100000,100000,100000,100000,100000,100000,100000,100000,100000,100000,100000,100000
95,97,100,102,104,107,110,113,116,119,122,126,130,134,138,143,148,153,159,165,172,179,187,195,205,215,226,239,253,269,288,308,333,361,394,435,484,547,628,738,896,1140,1564,2440,6004,100000,100000,100000,100000,100000,100000,100000,100000,100000,100000,100000,100000,100000,100000,100000,100000,100000,100000,100000,100000,100000,100000,100000,100000,100000,100000,100000,100000,100000,100000,100000,100000,100000,100000,100000,100000,100000,100000,100000,100000,100000,100000,100000,100000,100000,100000,100000,100000,100000,100000,100000,100000,100000,100000,100000
95,97,100,102,104,107,110,113,116,119,122,126,130,134,138,143,148,153,159,165,172,179,187,195,205,215,226,239,253,269,288,308,332,361,394,435,484,547,628,738,895,1140,1563,2447,5901,100000,100000,100000,100000,100000,100000,100000,100000,100000,100000,100000,100000,100000,100000,100000,100000,100000,100000,100000,100000,100000,100000,100000,100000,100000,100000,100000,100000,100000,100000,100000,100000,100000,100000,100000,100000,100000,100000,100000,100000,100000,100000,100000,100000,100000,100000,100000,100000,100000,100000,100000,100000,100000,100000,100000
95,97,100,102,104,107,110,113,116,119,122,126,130,134,138,143,148,153,159,165,172,179,187,195,205,215,226,239,253,269,287,308,332,361,394,434,484,547,628,738,895,1139,1562,2451,6044,100000,100000,100000,100000,100000,100000,100000,100000,100000,100000,100000,100000,100000,100000,100000,100000,100000,100000,100000,100000,100000,100000,100000,100000,100000,100000,100000,100000,100000,100000,100000,100000,100000,100000,100000,100000,100000,100000,100000,100000,100000,100000,100000,100000,100000,100000,100000,100000,100000,100000,100000,100000,100000,100000,100000
95,97,100,102,104,107,110,113,116,119,122,126,130,134,138,143,148,153,159,165,172,179,187,195,205,215,226,239,253,269,287,308,332,361,394,434,484,546,628,738,895,1139,1561,2455,6061,100000,100000,100000,100000,100000,100000,100000,100000,100000,100000,100000,100000,100000,100000,100000,100000,100000,100000,100000,100000,100000,100000,100000,100000,100000,100000,100000,100000,100000,100000,100000,100000,100000,100000,100000,100000,100000,100000,100000,100000,100000,100000,100000,100000,100000,100000,100000,100000,100000,100000,100000,100000,100000,100000,100000
95,97,100,102,104,107,110,113,116,119,122,126,130,134,138,143,148,153,159,165,172,179,187,195,205,215,226,239,253,269,287,308,332,360,394,434,484,546,628,737,895,1138,1560,2459,6049,100000,100000,100000,100000,100000,100000,100000,100000,100000,100000,100000,100000,100000,100000,100000,100000,100000,100000,100000,100000,100000,100000,100000,100000,100000,100000,100000,100000,100000,100000,100000,100000,100000,100000,100000,100000,100000,100000,100000,100000,100000,100000,100000,100000,100000,100000,100000,100000,100000,100000,100000,100000,100000,100000,100000
95,97,100,102,104,107,110,113,116,119,122,126,130,134,138,143,148,153,159,165,172,179,187,195,205,215,226,239,253,269,287,308,332,360,394,434,484,546,627,737,894,1138,1559,2462,5993,100000,100000,100000,100000,100000,100000,100000,100000,100000,100000,100000,100000,100000,100000,100000,100000,100000,100000,100000,100000,100000,100000,100000,100000,100000,100000,100000,100000,100000,100000,100000,100000,100000,100000,100000,100000,100000,100000,100000,100000,100000,100000,100000,100000,100000,100000,100000,100000,100000,100000,100000,100000,100000,100000,100000
95,97,99,102,104,107,110,113,116,119,122,126,130,134,138,143,148,153,159,165,172,179,187,195,205,215,226,239,253,269,287,308,332,360,394,434,484,546,627,737,894,1138,1558,2464,5920,100000,100000,100000,100000,100000,100000,100000,100000,100000,100000,100000,100000,100000,100000,100000,100000,100000,100000,100000,100000,100000,100000,100000,100000,100000,100000,100000,100000,100000,100000,100000,100000,100000,100000,100000,100000,100000,100000,100000,100000,100000,100000,100000,100000,100000,100000,100000,100000,100000,100000,100000,100000,100000,100000,100000
95,97,99,102,104,107,110,113,116,119,122,126,130,134,138,143,148,153,159,165,172,179,187,195,204,215,226,239,253,269,287,308,332,360,394,434,483,546,627,737,894,1137,1557,2466,5810,100000,100000,100000,100000,100000,100000,100000,100000,100000,100000,100000,100000,100000,100000,100000,100000,100000,100000,100000,100000,100000,100000,100000,100000,100000,100000,100000,100000,100000,100000,100000,100000,100000,100000,100000,100000,100000,100000,100000,100000,100000,100000,100000,100000,100000,100000,100000,100000,100000,100000,100000,100000,100000,100000,100000
95,97,99,102,104,107,110,113,116,119,122,126,130,134,138,143,148,153,159,165,172,179,187,195,204,215,226,239,253,269,287,308,332,360,394,434,483,546,627,737,893,1137,1556,2468,5488,100000,100000,100000,100000,100000,100000,100000,100000,100000,100000,100000,100000,100000,100000,100000,100000,100000,100000,100000,100000,100000,100000,100000,100000,100000,100000,100000,100000,100000,100000,100000,100000,100000,100000,100000,100000,100000,100000,100000,100000,100000,100000,100000,100000,100000,100000,100000,100000,100000,100000,100000,100000,100000,100000,100000
95,97,99,102,104,107,110,113,116,119,122,126,130,134,138,143,148,153,159,165,172,179,187,195,204,215,226,239,253,269,287,308,332,360,393,434,483,546,627,736,893,1136,1555,2470,5679,100000,100000,100000,100000,100000,100000,100000,100000,100000,100000,100000,100000,100000,100000,100000,100000,100000,100000,100000,100000,100000,100000,100000,100000,100000,100000,100000,100000,100000,100000,100000,100000,100000,100000,100000,100000,100000,100000,100000,100000,100000,100000,100000,100000,100000,100000,100000,100000,100000,100000,100000,100000,100000,100000,100000
95,97,99,102,104,107,110,113,116,119,122,126,130,134,138,143,148,153,159,165,172,179,187,195,204,215,226,239,253,269,287,308,332,360,393,434,483,545,626,736,893,1136,1554,2472,5776,100000,100000,100000,100000,100000,100000,100000,100000,100000,100000,100000,100000,100000,100000,100000,100000,100000,100000,100000,100000,100000,100000,100000,100000,100000,100000,100000,100000,100000,100000,100000,100000,100000,100000,100000,100000,100000,100000,100000,100000,100000,100000,100000,100000,100000,100000,100000,100000,100000,100000,100000,100000,100000,100000,100000
95,97,99,102,104,107,110,113,116,119,122,126,130,134,138,143,148,153,159,165,171,179,186,195,204,215,226,239,253,269,287,308,332,360,393,434,483,545,626,736,893,1135,1553,2473,5836,100000,100000,100000,100000,100000,100000,100000,100000,100000,100000,100000,100000,100000,100000,100000,100000,100000,100000,100000,100000,100000,100000,100000,100000,100000,100000,100000,100000,100000,100000,100000,100000,100000,100000,100000,100000,100000,100000,100000,100000,100000,100000,100000,100000,100000,100000,100000,100000,100000,100000,100000,100000,100000,100000,100000
95,97,99,102,104,107,110,113,116,119,122,126,130,134,138,143,148,153,159,165,171,179,186,195,204,215,226,239,253,269,287,308,332,360,393,433,483,545,626,736,892,1135,1553,2474,5880,100000,100000,100000,100000,100000,100000,100000,100000,100000,100000,100000,100000,100000,100000,100000,100000,100000,100000,100000,100000,100000,100000,100000,100000,100000,100000,100000,100000,100000,100000,100000,100000,100000,100000,100000,100000,100000,100000,100000,100000,100000,100000,100000,100000,100000,100000,100000,100000,100000,100000,100000,100000,100000,100000,100000
95,97,99,102,104,107,110,113,116,119,122,126,130,134,138,143,148,153,159,165,171,179,186,195,204,215,226,239,253,269,287,308,332,360,393,433,483,545,626,735,892,1135,1552,2475,5915,100000,100000,100000,100000,100000,100000,100000,100000,100000,100000,100000,100000,100000,100000,100000,100000,100000,100000,100000,100000,100000,100000,100000,100000,100000,100000,100000,100000,100000,100000,100000,100000,100000,100000,100000,100000,100000,100000,100000,100000,100000,100000,100000,100000,100000,100000,100000,100000,100000,100000,100000,100000,100000,100000,100000
95,97,99,102,104,107,110,113,116,119,122,126,130,134,138,143,148,153,159,165,171,179,186,195,204,215,226,239,253,269,287,308,332,360,393,433,483,545,626,735,892,1134,1551,2476,5945,100000,100000,100000,100000,100000,100000,100000,100000,100000,100000,100000,100000,100000,100000,100000,100000,100000,100000,100000,100000,100000,100000,100000,100000,100000,100000,100000,100000,100000,100000,100000,100000,100000,100000,100000,100000,100000,100000,100000,100000,100000,100000,100000,100000,100000,100000,100000,100000,100000,100000,100000,100000,100000,100000,100000
95,97,99,102,104,107,110,113,116,119,122,126,130,134,138,143,148,153,159,165,171,179,186,195,204,215,226,239,253,269,287,308,332,360,393,433,483,545,626,735,891,1134,1550,2475,5970,100000,100000,100000,100000,100000,100000,100000,100000,100000,100000,100000,100000,100000,100000,100000,100000,100000,100000,100000,100000,100000,100000,100000,100000,100000,100000,100000,100000,100000,100000,100000,100000,100000,100000,100000,100000,100000,100000,100000,100000,100000,100000,100000,100000,100000,100000,100000,100000,100000,100000,100000,100000,100000,100000,100000
95,97,99,102,104,107,110,113,116,119,122,126,130,134,138,143,148,153,159,165,171,179,186,195,204,215,226,239,253,269,287,308,332,360,393,433,482,545,625,735,891,1133,1549,2402,5993,100000,100000,100000,100000,100000,100000,100000,100000,100000,100000,100000,100000,100000,100000,100000,100000,100000,100000,100000,100000,100000,100000,100000,100000,100000,100000,100000,100000,100000,100000,100000,100000,100000,100000,100000,100000,100000,100000,100000,100000,100000,100000,100000,100000,100000,100000,100000,100000,100000,100000,100000,100000,100000,100000,100000
95,97,99,102,104,107,110,113,116,119,122,126,130,134,138,143,148,153,159,165,171,179,186,195,204,215,226,239,253,269,287,307,331,360,393,433,482,545,625,735,891,1133,1548,2433,6013,100000,100000,100000,100000,100000,100000,100000,100000,100000,100000,100000,100000,100000,100000,100000,100000,100000,100000,100000,100000,100000,100000,100000,100000,100000,100000,100000,100000,100000,100000,100000,100000,100000,100000,100000,100000,100000,100000,100000,100000,100000,100000,100000,100000,100000,100000,100000,100000,100000,100000,100000,100000,100000,100000,100000
95,97,99,102,104,107,110,113,116,119,122,126,130,134,138,143,148,153,159,165,171,179,186,195,204,214,226,238,253,269,287,307,331,359,393,433,482,544,625,734,891,1132,1547,2446,6031,100000,100000,100000,100000,100000,100000,100000,100000,100000,100000,100000,100000,100000,100000,100000,100000,100000,100000,100000,100000,100000,100000,100000,100000,100000,100000,100000,100000,100000,100000,100000,100000,100000,100000,100000,100000,100000,100000,100000,100000,100000,100000,100000,100000,100000,100000,100000,100000,100000,100000,100000,100000,100000,100000,100000
95,97,99,102,104,107,110,113,116,119,122,126,130,134,138,143,148,153,159,165,171,179,186,195,204,214,226,238,253,269,287,307,331,359,393,433,482,544,625,734,890,1132,1547,2453,6047,100000,100000,100000,100000,100000,100000,100000,100000,100000,100000,100000,100000,100000,100000,100000,100000,100000,100000,100000,100000,100000,100000,100000,100000,100000,100000,100000,100000,100000,100000,100000,100000,100000,100000,100000,100000,100000,100000,100000,100000,100000,100000,100000,100000,100000,100000,100000,100000,100000,100000,100000,100000,100000,100000,100000
95,97,99,102,104,107,110,113,116,119,122,126,130,134,138,143,148,153,159,165,171,178,186,195,204,214,226,238,253,269,287,307,331,359,393,433,482,544,625,734,890,1131,1546,2458,6062,100000,100000,100000,100000,100000,100000,100000,100000,100000,100000,100000,100000,100000,100000,100000,100000,100000,100000,100000,100000,100000,100000,100000,100000,100000,100000,100000,100000,100000,100000,100000,100000,100000,100000,100000,100000,100000,100000,100000,100000,100000,100000,100000,100000,100000,100000,100000,100000,100000,100000,100000,100000,100000,100000,100000
95,97,99,102,104,107,110,113,116,119,122,126,130,134,138,143,148,153,159,165,171,178,186,195,204,214,226,238,253,268,287,307,331,359,393,433,482,544,625,734,890,1131,1545,2462,6076,100000,100000,100000,100000,100000,100000,100000,100000,100000,100000,100000,100000,100000,100000,100000,100000,100000,100000,100000,100000,100000,100000,100000,100000,100000,100000,100000,100000,100000,100000,100000,100000,100000,100000,100000,100000,100000,100000,100000,100000,100000,100000,100000,100000,100000,100000,100000,100000,100000,100000,100000,100000,100000,100000,100000
95,97,99,102,104,107,110,113,116,119,122,126,130,134,138,143,148,153,159,165,171,178,186,195,204,214,226,238,252,268,287,307,331,359,392,433,482,544,625,734,889,1130,1544,2465,6089,100000,100000,100000,100000,100000,100000,100000,100000,100000,100000,100000,100000,100000,100000,100000,100000,100000,100000,100000,100000,100000,100000,100000,100000,100000,100000,100000,100000,100000,100000,100000,100000,100000,100000,100000,100000,100000,100000,100000,100000,100000,100000,100000,100000,100000,100000,100000,100000,100000,100000,100000,100000,100000,100000,100000
95,97,99,102,104,107,110,112,116,119,122,126,130,134,138,143,148,153,159,165,171,178,186,195,204,214,226,238,252,268,286,307,331,359,392,432,482,544,624,733,889,1130,1543,2465,6101,100000,100000,100000,100000,100000,100000,100000,100000,100000,100000,100000,100000,100000,100000,100000,100000,100000,100000,100000,100000,100000,100000,100000,100000,100000,100000,100000,100000,100000,100000,100000,100000,100000,100000,100000,100000,100000,100000,100000,100000,100000,100000,100000,100000,100000,100000,100000,100000,100000,100000,100000,100000,100000,100000,100000
95,97,99,102,104,107,110,112,116,119,122,126,130,134,138,143,148,153,159,165,171,178,186,195,204,214,226,238,252,268,286,307,331,359,392,432,482,544,624,733,889,1129,1542,2464,6113,100000,100000,100000,100000,100000,100000,100000,100000,100000,100000,100000,100000,100000,100000,100000,100000,100000,100000,100000,100000,100000,100000,100000,100000,100000,100000,100000,100000,100000,100000,100000,100000,100000,100000,100000,100000,100000,100000,100000,100000,100000,100000,100000,100000,100000,100000,100000,100000,100000,100000,100000,100000,100000,100000,100000
95,97,99,102,104,107,110,112,116,119,122,126,130,134,138,143,148,153,158,165,171,178,186,195,204,214,226,238,252,268,286,307,331,359,392,432,481,543,624,733,889,1129,1542,2463,6123,100000,100000,100000,100000,100000,100000,100000,100000,100000,100000,100000,100000,100000,100000,100000,100000,100000,100000,100000,100000,100000,100000,100000,100000,100000,100000,100000,100000,100000,100000,100000,100000,100000,100000,100000,100000,100000,100000,100000,100000,100000,100000,100000,100000,100000,100000,100000,100000,100000,100000,100000,100000,100000,100000,100000
95,97,99,102,104,107,110,112,116,119,122,126,130,134,138,143,148,153,158,165,171,178,186,195,204,214,226,238,252,268,286,307,331,359,392,432,481,543,624,733,888,1128,1541,2461,6133,100000,100000,100000,100000,100000,100000,100000,100000,100000,100000,100000,100000,100000,100000,100000,100000,100000,100000,100000,100000,100000,100000,100000,100000,100000,100000,100000,100000,100000,100000,100000,100000,100000,100000,100000,100000,100000,100000,100000,100000,100000,100000,100000,100000,100000,100000,100000,100000,100000,100000,100000,100000,100000,100000,100000
95,97,99,102,104,107,110,112,116,119,122,126,130,134,138,143,147,153,158,165,171,178,186,195,204,214,226,238,252,268,286,307,331,359,392,432,481,543,624,733,888,1128,1540,2460,6143,100000,100000,100000,100000,100000,100000,100000,100000,100000,100000,100000,100000,100000,100000,100000,100000,100000,100000,100000,100000,100000,100000,100000,100000,100000,100000,100000,100000,100000,100000,100000,100000,100000,100000,100000,100000,100000,100000,100000,100000,100000,100000,100000,100000,100000,100000,100000,100000,100000,100000,100000,100000,100000,100000,100000
