100000,100000,100000,100000,100000,100000,100000,100000,100000,100000,100000,100000,100000,25052,20909,20901,20875,20392,28029,11686,11215,31498,11618,22536,21738,18948,18836,11595,24758,12181,11849,11659,11757,11573,11490,11477,11279,11805,12807,13647,13536,13549,587,579,572,565,559,554,548,543,537,532,527,523,518,513,509,505,500,496,492,488,484,480,476,472,468,465,461,457,454,450,447,444,440,437,434,430,427,424,421,418,415,412,409,406,403,400,398,395,392,390,387,384,382,379,377,374,372,369
100000,100000,100000,100000,100000,100000,100000,100000,100000,100000,100000,100000,100000,21051,20577,11374,20637,10955,100000,100000,11234,11910,11980,22996,21597,18950,18490,18487,18890,12559,11811,23140,11870,11484,11318,11244,11236,11307,11569,12642,13197,13248,588,579,572,566,559,554,548,543,537,532,527,523,518,513,509,505,500,496,492,488,484,480,476,472,468,465,461,457,454,450,447,444,440,437,434,430,427,424,421,418,415,412,409,406,403,401,398,395,392,390,387,384,382,379,377,374,372,369
100000,100000,100000,100000,100000,17382,100000,100000,100000,100000,100000,100000,100000,24342,19082,11366,20217,19839,12023,27566,11373,10846,11675,11330,21624,18674,18563,18158,10847,19104,11937,11497,13618,11555,11223,11074,11904,11006,11078,11345,12353,12782,588,579,572,566,559,554,548,543,537,532,528,523,518,513,509,505,500,496,492,488,484,480,476,472,468,465,461,457,454,450,447,444,440,437,434,430,427,424,421,418,415,412,409,406,403,401,398,395,392,390,387,384,382,379,377,374,372,369
20079,100000,100000,100000,100000,100000,100000,100000,100000,100000,10962,100000,100000,18858,19983,19867,19858,19595,10576,11844,100000,10891,11432,11460,11586,12431,20212,18070,17799,10885,18291,11516,13335,13341,11262,10974,10842,11657,11425,10860,11135,11061,588,579,572,566,560,554,548,543,538,532,528,523,518,513,509,505,500,496,492,488,484,480,476,472,468,465,461,457,454,450,447,444,440,437,434,430,427,424,421,418,415,412,409,406,403,401,398,395,392,390,387,384,382,379,377,374,372,369
100000,100000,100000,100000,100000,100000,100000,100000,100000,100000,10735,100000,18748,100000,19715,19575,10869,19371,11635,11632,11700,11315,10502,11214,11103,11424,12245,16298,17641,12394,11573,11800,11185,13059,12351,10987,10735,11539,11421,11377,10651,10938,588,579,572,566,560,554,548,543,538,532,528,523,518,513,509,505,500,496,492,488,484,480,476,472,468,465,461,457,454,450,447,444,440,437,434,430,427,424,421,418,415,412,409,406,403,401,398,395,392,390,387,384,382,379,377,374,372,369
100000,100000,16919,100000,100000,100000,100000,100000,100000,100000,19552,18699,19995,100000,19464,19300,10871,19165,11469,10200,11473,11596,10572,11010,11012,11080,11291,12091,21147,12127,12143,12308,11277,10902,10677,11451,10728,10508,11297,10797,10552,10451,588,580,572,566,560,554,548,543,538,533,528,523,518,514,509,505,500,496,492,488,484,480,476,472,468,465,461,457,454,450,447,444,440,437,434,430,427,424,421,418,415,412,409,406,403,401,398,395,392,390,387,384,382,379,377,374,372,369
15924,100000,16642,100000,100000,100000,16293,100000,100000,100000,18706,100000,100000,100000,19229,10671,18901,18890,11318,11269,11274,11344,10934,10182,10806,10824,10914,11200,11976,11942,11878,10299,12097,10911,12607,12548,11025,10484,10291,11067,10703,10001,588,580,572,566,560,554,548,543,538,533,528,523,518,514,509,505,500,496,492,488,484,480,476,472,468,465,461,457,454,450,447,444,440,437,434,430,427,424,421,418,415,412,409,406,403,401,398,395,392,390,387,384,382,379,377,374,372,369
16147,100000,100000,100000,19789,34094,100000,100000,100000,18664,100000,100000,100000,100000,19011,10284,18632,10402,11183,11111,9845,11130,10845,10273,10631,10314,10643,10765,11188,11925,11690,9891,10805,11118,10615,11004,12310,10677,10252,10998,10847,10664,588,580,572,566,560,554,548,543,538,533,528,523,518,514,509,505,500,496,492,488,484,480,476,472,468,465,461,457,454,450,447,444,440,437,434,430,427,424,421,418,415,412,409,406,403,401,398,395,392,390,387,384,382,379,377,374,372,369
15920,51199,100000,100000,100000,100000,100000,100000,100000,100000,100000,100000,29392,100000,100000,18561,18383,10417,18331,10966,10931,10942,11014,10590,9881,10421,10409,10471,10598,11485,11569,11452,11421,11480,10679,12239,12113,12083,10378,10032,10767,10636,589,580,573,566,560,554,548,543,538,533,528,523,518,514,509,505,500,496,492,488,484,480,476,472,468,465,461,457,454,450,447,444,440,437,434,430,427,424,421,418,415,412,409,406,403,401,398,395,392,390,387,384,382,379,377,374,372,369
100000,19109,100000,100000,100000,100000,18625,100000,9166,100000,100000,19292,100000,100000,30313,18121,18152,18036,18027,10833,10781,9510,10811,10524,9992,10270,10097,10226,10315,10538,11388,11323,11227,9803,11106,10359,11989,11883,11866,10111,9823,10548,589,580,573,566,560,554,548,543,538,533,528,523,518,514,509,505,500,496,492,488,484,480,476,472,468,465,461,457,454,450,447,444,440,437,434,430,427,424,421,418,415,412,409,406,403,401,398,395,392,390,387,384,382,379,377,374,372,369
100000,9814,100000,18753,18673,100000,100000,13555,100000,100000,100000,28965,19470,100000,100000,17824,17845,17794,9971,10712,10643,10619,10634,10707,10275,9598,10059,10028,10058,10177,10485,11268,11091,10520,10346,10496,10096,9749,11662,11659,9867,9624,589,580,573,566,560,554,548,543,538,533,528,523,518,514,509,505,500,496,492,488,484,480,476,472,468,465,461,457,454,450,447,444,440,437,434,430,427,424,421,418,415,412,409,406,403,401,398,395,392,390,387,384,382,379,377,374,372,369
100000,9734,100000,9133,100000,100000,100000,27876,100000,18613,18745,9846,26855,100000,100000,17555,11000,17569,10001,10602,10515,10477,10475,10515,10084,9725,9931,9864,9853,9718,10059,10536,11020,10871,10807,10815,10135,11360,11525,11451,10404,9641,589,580,573,566,560,554,548,543,538,533,528,523,518,514,509,505,500,496,492,488,484,480,476,472,468,465,461,458,454,450,447,444,440,437,434,430,427,424,421,418,415,412,409,406,403,401,398,395,392,390,387,384,382,379,377,374,372,369
100000,14601,100000,9009,9029,100000,100000,100000,100000,18491,18737,9706,100000,100000,100000,17310,17260,17293,10038,10507,10397,10345,9548,10345,10420,9986,9331,9729,9684,9691,9765,9968,10868,10787,9006,9381,10391,9855,9655,11308,11249,9937,589,580,573,566,560,554,548,543,538,533,528,523,518,514,509,505,500,496,492,488,484,480,476,472,468,465,461,458,454,450,447,444,440,437,434,430,427,424,421,418,415,412,409,406,403,401,398,395,392,390,387,384,382,379,377,374,372,369
100000,100000,33503,8910,8922,8946,100000,100000,14810,18397,100000,9515,100000,100000,8541,17086,17008,17006,17089,9572,10289,10222,10189,10186,10236,9967,9470,9621,9543,9516,9541,9640,9912,10786,10567,10462,9328,9944,10601,11228,11100,11054,589,580,573,566,560,554,548,543,538,533,528,523,518,514,509,505,500,496,492,488,484,480,476,472,468,465,461,458,454,450,447,444,440,437,434,430,427,424,421,418,415,412,409,406,403,401,398,395,392,390,387,384,382,379,377,374,372,369
100000,14735,8773,8788,8790,8823,100000,100000,14503,100000,100000,9368,100000,100000,100000,16880,9714,12503,16765,9600,10191,10108,10061,9178,10065,9578,9721,9076,9359,9369,9360,9403,9534,9914,10542,10360,10269,10241,9639,9712,11010,10901,590,580,573,566,560,554,549,543,538,533,528,523,518,514,509,505,500,496,492,488,484,480,476,472,469,465,461,458,454,450,447,444,440,437,434,431,427,424,421,418,415,412,409,406,403,401,398,395,392,390,387,384,382,379,377,374,372,369
100000,14588,8666,8655,8652,8708,8746,100000,100000,100000,100000,100000,100000,18104,100000,100000,9476,16482,16464,9623,10103,10001,9945,9901,9905,9970,9727,9225,9335,9247,9208,9214,9278,9450,10122,10315,9231,9031,9794,9394,10334,10802,590,581,573,566,560,554,549,543,538,533,528,523,518,514,509,505,500,496,492,488,484,480,476,472,469,465,461,458,454,451,447,444,440,437,434,431,427,424,421,418,415,412,409,406,403,401,398,395,392,390,387,384,382,379,377,374,372,369
100000,14398,8563,8539,100000,8560,8629,100000,100000,100000,100000,8967,9006,100000,100000,100000,9247,16262,16202,13607,9203,9904,9837,9777,8815,9797,9901,9475,8834,9146,9080,9057,9080,9166,9397,10374,10104,9969,8172,9447,9973,10227,590,581,573,566,560,554,549,543,538,533,528,523,518,514,509,505,501,496,492,488,484,480,476,472,469,465,461,458,454,451,447,444,440,437,434,431,427,424,421,418,415,412,409,406,403,401,398,395,392,390,387,384,382,379,377,374,372,369
100000,100000,8465,100000,100000,100000,8506,100000,100000,14096,100000,8845,8868,100000,100000,100000,16175,16064,15968,13472,9213,9815,9736,9664,9630,9642,9112,9509,8988,9069,8973,8925,8917,8955,9070,9398,10124,8401,8578,9706,9187,8788,590,581,573,566,560,554,549,543,538,533,528,523,518,514,509,505,501,496,492,488,484,480,476,472,469,465,461,458,454,451,447,444,440,437,434,431,427,424,421,418,415,412,409,406,403,401,398,395,392,390,387,384,382,379,377,374,372,369
100000,100000,8369,39030,100000,100000,8367,8445,100000,13817,100000,8731,8745,8790,100000,13681,16006,15885,15757,13346,9249,9735,9640,9561,9511,8484,9546,9663,9248,8602,8886,8812,8780,8786,8842,8994,9514,9898,9709,8762,9281,9582,590,581,573,567,560,554,549,543,538,533,528,523,518,514,509,505,501,496,492,488,484,480,476,472,469,465,461,458,454,451,447,444,440,437,434,431,427,424,421,418,415,412,409,406,403,401,398,395,392,390,387,384,382,379,377,374,372,369
100000,100000,8276,100000,100000,100000,24149,8344,100000,100000,100000,8625,8633,8662,8739,100000,15851,15710,15566,13227,9330,9665,9551,9467,9401,9377,9396,9475,9314,8757,8823,8718,8663,8644,8664,8742,8945,10033,9689,9522,9431,8999,591,581,573,567,560,554,549,543,538,533,528,523,518,514,509,505,501,496,492,488,484,480,476,472,469,465,461,458,454,451,447,444,440,437,434,431,427,424,421,418,415,412,409,406,403,401,398,395,392,390,387,384,382,379,377,374,372,369
100000,100000,8186,100000,14022,100000,100000,8194,8283,10360,100000,8523,8530,8548,8596,100000,16292,15541,15393,13115,100000,8859,9470,9381,9301,9262,8194,8708,9439,9037,8380,8644,8563,8526,8518,8551,8656,8943,9762,9490,8287,9145,591,581,573,567,560,554,549,543,538,533,528,523,518,514,509,505,501,496,492,488,484,480,476,472,469,465,461,458,454,451,447,444,440,437,434,431,427,424,421,418,415,412,409,406,403,401,398,395,392,390,387,384,382,379,377,374,372,369
100000,100000,8099,100000,13866,100000,100000,100000,8180,100000,7935,8427,8434,8447,8474,8561,7829,15387,15236,13010,100000,8906,9397,9302,9208,9156,8576,9141,9251,9143,8532,8592,8480,8424,9300,8400,8450,8588,9041,9528,9298,8634,591,581,574,567,560,554,549,543,538,533,528,523,518,514,509,505,501,496,492,488,484,480,476,472,469,465,461,458,454,451,447,444,440,437,434,431,427,424,421,418,415,412,409,406,403,401,398,395,392,390,387,384,382,379,377,374,372,369
100000,100000,8016,100000,13694,100000,100000,100000,8050,100000,13256,8335,8336,8327,8369,8419,20592,15247,15097,12913,100000,8941,9332,9226,9123,9058,9028,9035,9089,9228,8843,8167,8417,8331,9205,9154,8289,8359,8546,9717,8029,9117,591,581,574,567,560,555,549,543,538,533,528,523,519,514,509,505,501,496,492,488,484,480,476,472,469,465,461,458,454,451,447,444,440,437,434,431,427,424,421,418,415,412,409,406,403,401,398,395,392,390,387,384,382,379,377,374,372,369
100000,100000,8614,100000,13509,100000,11899,100000,7925,8026,100000,8246,8235,8212,8242,8300,8403,15119,14965,12822,100000,13502,8532,9152,9046,8967,8925,8180,8357,9040,8999,8312,8376,8257,9126,9052,9019,8186,8283,8546,9452,7451,591,581,574,567,561,555,549,543,538,533,528,523,519,514,509,505,501,496,492,488,484,480,476,472,469,465,461,458,454,451,447,444,440,437,434,431,427,424,421,418,415,412,409,406,403,401,398,395,392,390,387,384,382,379,377,374,372,369
100000,100000,13235,12565,13346,100000,100000,10146,100000,7937,100000,8161,8140,8106,8120,8188,8258,8700,14825,11086,13229,100000,8557,9084,8976,8884,8830,8808,8604,8881,9031,8664,7962,8203,9064,8966,8911,8895,8094,8224,8638,7623,592,581,574,567,561,555,549,543,538,533,528,523,519,514,509,505,501,496,492,488,484,480,476,472,469,465,461,458,454,451,447,444,440,437,434,431,427,424,421,418,415,412,409,406,403,401,398,395,392,390,387,384,382,379,377,374,372,369
100000,100000,13066,12462,100000,100000,100000,100000,100000,7796,100000,8080,8053,8009,8011,8055,8138,7296,14697,12649,13544,100000,8602,9025,8913,8807,8742,8708,7837,8743,8843,8889,8099,8172,8047,8894,8818,8781,8782,8013,8190,9293,592,582,574,567,561,555,549,544,538,533,528,523,519,514,509,505,501,496,492,488,484,480,476,472,469,465,461,458,454,451,447,444,440,437,434,431,427,424,421,418,415,412,409,406,403,401,398,395,392,390,387,384,382,379,377,374,372,369
100000,100000,12931,100000,100000,100000,10109,100000,100000,100000,7793,8004,7971,7917,7910,7937,8020,8113,14581,12557,14243,100000,8677,8231,8854,8737,8660,8615,8600,8619,8686,8848,8501,7766,8002,8839,8739,8682,8661,8680,7945,8196,592,582,574,567,561,555,549,544,538,533,528,523,519,514,509,505,501,496,492,488,484,480,476,472,469,465,461,458,454,451,447,444,440,437,434,431,427,424,421,418,415,412,409,406,403,401,398,395,392,390,387,384,382,379,377,374,372,369
100000,100000,100000,100000,100000,21239,9968,100000,100000,100000,7707,7363,7896,7831,7816,7831,7888,7988,13199,12472,14120,18362,15279,8239,8794,8673,8584,8529,8503,7553,8549,8659,8831,7890,7903,7850,8675,8597,8556,8551,7770,7896,592,582,574,567,561,555,549,544,538,533,528,523,519,514,509,505,501,496,492,488,484,480,476,472,469,465,461,458,454,451,447,444,440,437,434,431,427,424,421,418,415,412,409,406,403,401,398,395,392,390,387,384,382,379,377,374,372,369
100000,100000,100000,100000,100000,12940,100000,100000,100000,21581,7570,7864,7827,7750,7729,7734,7771,7872,7987,12393,14011,14359,15169,8286,8739,8616,8514,8449,8413,7921,8428,8502,8678,8352,7991,7812,8625,8525,8465,8440,8451,7697,593,582,574,567,561,555,549,544,538,533,528,523,519,514,510,505,501,496,492,488,484,480,476,472,469,465,461,458,454,451,447,444,440,437,434,431,427,424,421,418,415,412,409,406,403,401,398,395,392,390,387,384,382,379,377,374,372,369
100000,100000,100000,7449,100000,12801,28061,100000,100000,100000,7460,7582,7760,7674,7650,13049,7667,7737,7853,12321,13916,13742,15063,8329,8690,8565,8450,8374,8329,8309,8318,8367,8486,8774,7688,7799,7663,8465,8386,8343,8333,8362,593,582,574,567,561,555,549,544,538,533,528,523,519,514,510,505,501,497,492,488,484,480,476,472,469,465,461,458,454,451,447,444,440,437,434,431,427,424,421,418,415,412,409,406,403,401,398,395,392,390,387,384,382,379,377,374,372,369
100000,100000,100000,7383,21067,9864,100000,100000,14902,100000,100000,7491,7687,7601,13066,13107,7574,7620,7740,7885,13831,13634,14962,12905,7947,8519,8391,8305,8250,8221,7519,8248,8329,8523,8087,7820,7632,8420,8320,8259,8230,8235,594,582,574,567,561,555,549,544,538,533,528,523,519,514,510,505,501,497,492,488,484,480,476,472,469,465,461,458,454,451,447,444,440,437,434,431,427,424,421,418,415,412,409,406,403,401,398,395,392,390,387,384,382,379,377,374,372,369
100000,100000,100000,7326,11685,9785,100000,100000,100000,20889,100000,7370,7614,7532,100000,100000,15158,7515,7603,7735,13730,11517,100000,12823,7972,8471,8338,8241,8177,8139,8052,8140,6961,8326,8537,7492,7627,7485,8266,8187,8141,8127,594,582,574,567,561,555,549,544,538,533,528,523,519,514,510,505,501,497,492,488,484,480,476,473,469,465,461,458,454,451,447,444,440,437,434,431,427,424,421,418,415,412,409,406,403,401,398,395,392,390,387,384,382,379,377,374,372,369
100000,100000,100000,7277,11595,11080,100000,100000,100000,100000,100000,7256,7393,7467,100000,100000,100000,100000,7483,7616,13638,13458,11359,12749,8028,8426,8292,8182,8109,8062,8039,7209,8077,8167,8382,7835,7658,7460,8225,8125,8063,8032,594,582,574,567,561,555,549,544,538,533,528,523,519,514,510,505,501,497,492,488,484,480,476,473,469,465,461,458,454,451,447,444,440,437,434,431,427,424,421,418,415,412,409,406,403,401,398,395,392,390,387,384,382,379,377,374,372,369
100000,100000,100000,7245,100000,12260,21214,100000,100000,23213,15685,100000,7293,7406,100000,100000,100000,100000,7377,7486,7641,13388,13188,12681,8082,7680,8251,7574,8045,7991,7959,7669,7971,8033,8177,8302,7303,7463,7316,8076,7996,7949,595,582,574,567,561,555,549,544,539,533,528,524,519,514,510,505,501,497,492,488,484,480,476,473,469,465,461,458,454,451,447,444,440,437,434,431,427,424,421,418,415,412,409,406,403,401,398,395,392,390,387,384,382,379,377,374,372,369
100000,100000,100000,7165,100000,12135,100000,100000,100000,11023,100000,100000,6903,7349,100000,100000,100000,100000,7285,6611,7506,13304,13107,12623,12325,7688,8215,8079,7986,7924,7884,7643,7874,7195,8016,8168,7450,7504,7297,8039,7940,7876,7843,583,575,568,561,555,549,544,539,533,528,524,519,514,510,505,501,497,492,488,484,480,476,473,469,465,461,458,454,451,447,444,440,437,434,431,427,424,421,418,415,412,409,406,403,401,398,395,392,390,387,384,382,379,377,374,372,369
100000,100000,100000,7094,7889,100000,100000,100000,100000,100000,100000,100000,6957,7231,18942,100000,100000,16067,7924,7251,7388,7580,13040,12675,12247,7725,8178,8036,7932,7861,7814,7789,7202,7811,7881,8041,7461,7120,7307,7154,7894,7814,7766,583,575,568,561,555,549,544,539,533,528,524,519,514,510,505,501,497,492,488,484,480,476,473,469,465,461,458,454,451,447,444,440,437,434,431,427,424,421,418,415,412,409,406,404,401,398,395,392,390,387,384,382,379,377,374,372,369
100000,100000,100000,7034,7853,100000,100000,100000,100000,100000,100000,100000,7325,7119,7166,100000,100000,14689,7823,7154,7254,7419,7682,12553,12173,7779,8142,7998,7882,7802,7748,7716,7703,7715,7763,7874,7958,7359,7357,7141,7860,7762,7698,583,575,568,561,555,549,544,539,533,528,524,519,514,510,505,501,497,492,488,484,480,476,473,469,465,461,458,454,451,447,444,440,437,434,431,427,424,421,418,415,412,409,406,404,401,398,395,392,390,387,384,382,379,377,374,372,369
100000,100000,100000,100000,7834,100000,11956,100000,100000,13978,17811,100000,100000,7041,7105,11041,15707,14344,7735,7522,7138,7295,7562,7660,12103,7852,7430,7966,7837,7748,7686,7647,7320,6877,7659,7737,7852,7870,6945,7157,7000,7720,7640,583,575,568,561,555,549,544,539,533,528,524,519,514,510,505,501,497,492,488,484,480,476,473,469,465,461,458,454,451,447,444,440,437,434,431,427,424,421,418,415,412,409,406,404,401,398,395,392,390,387,384,382,379,377,374,372,369
100000,100000,100000,100000,7765,10926,11837,100000,15539,100000,100000,100000,100000,6918,7050,10970,100000,100000,7657,7450,7037,7166,7365,7524,12038,11844,7448,7938,7796,7697,7628,7583,7488,7360,7565,7619,7743,7755,7141,7216,6992,7689,7592,583,575,568,561,555,550,544,539,534,529,524,519,514,510,505,501,497,492,488,484,480,476,473,469,465,461,458,454,451,447,444,440,437,434,431,428,424,421,418,415,412,409,406,404,401,398,395,392,390,387,384,382,379,377,374,372,369
100000,100000,100000,100000,7704,10870,11731,100000,100000,100000,100000,100000,100000,6816,6969,10902,100000,100000,7580,7383,6340,7041,7215,7408,7512,11770,7493,7909,7760,7651,7574,7522,7489,7473,6633,7515,7603,7314,7135,6776,7014,6276,7553,583,575,568,561,555,550,544,539,534,529,524,519,514,510,505,501,497,492,488,484,480,476,473,469,465,461,458,454,451,447,444,441,437,434,431,428,424,421,418,415,412,409,406,404,401,398,395,392,390,387,384,382,379,377,374,372,369
100000,100000,100000,100000,7653,100000,11637,100000,100000,100000,100000,100000,100000,7047,6876,10836,100000,100000,7493,7321,7281,6933,7096,7306,7378,7540,7547,7195,7730,7609,7523,7464,7426,7404,6863,7422,7484,7574,7562,6938,7080,6849,7524,583,575,568,561,555,550,544,539,534,529,524,519,514,510,505,501,497,493,488,484,480,476,473,469,465,461,458,454,451,447,444,441,437,434,431,428,424,421,418,415,412,409,406,404,401,398,395,392,390,387,384,382,379,377,374,372,369
100000,100000,100000,100000,7612,100000,11535,15414,100000,100000,100000,100000,100000,7000,6788,10773,100000,100000,7412,7264,7216,6839,6962,7169,7264,6550,7634,7197,7705,7571,7476,7410,7366,7138,7327,6501,7379,7478,7472,7114,6614,6876,6710,583,575,568,561,555,550,544,539,534,529,524,519,514,510,505,501,497,493,488,484,480,476,473,469,465,461,458,454,451,447,444,441,437,434,431,428,424,421,418,415,412,409,406,404,401,398,395,392,390,387,384,382,379,377,374,372,369
100000,100000,100000,100000,6670,24300,11411,22127,100000,100000,100000,100000,100000,6531,6674,6851,100000,100000,7336,7212,7154,7128,6845,7026,7165,6731,7417,7222,7684,7537,7433,7359,7309,7341,7261,6546,7286,7356,6917,6903,6747,6950,6711,583,575,568,562,555,550,544,539,534,529,524,519,514,510,505,501,497,493,488,484,480,476,473,469,465,461,458,454,451,447,444,441,437,434,431,428,424,421,418,415,412,409,406,404,401,398,395,392,390,387,384,382,379,377,374,372,369
100000,100000,100000,100000,6621,18140,11299,100000,100000,17295,13199,100000,100000,6544,6584,6738,100000,100000,7266,7165,7097,7065,6743,6905,7075,7130,7249,7272,7663,7507,7394,7312,7256,12616,8021,6960,7201,7251,7163,7296,7167,6460,6743,584,575,568,562,556,550,544,539,534,529,524,519,514,510,505,501,497,493,488,484,480,477,473,469,465,461,458,454,451,447,444,441,437,434,431,428,424,421,418,415,412,409,406,404,401,398,395,392,390,387,385,382,379,377,374,372,369
100000,100000,100000,100000,6587,17968,11195,100000,100000,100000,100000,100000,100000,15448,6804,6656,100000,100000,7200,7127,7044,7005,6656,6775,6984,7031,7115,7309,6969,7483,7358,7268,7205,11983,6857,7733,7124,7157,7237,7226,6873,6567,6823,584,575,568,562,556,550,544,539,534,529,524,519,514,510,505,501,497,493,488,484,480,477,473,469,465,461,458,454,451,447,444,441,437,434,431,428,424,421,418,415,412,409,406,404,401,398,395,392,390,387,385,382,379,377,374,372,369
100000,100000,100000,100000,6568,17816,11097,23438,100000,100000,100000,100000,100000,100000,6767,6558,100000,100000,7138,100000,6995,6297,6914,6663,6852,6935,7003,7133,6979,7464,7326,7228,7157,11434,6964,7869,6032,7073,7130,7167,6695,6876,7017,584,575,568,562,556,550,544,539,534,529,524,519,514,510,505,501,497,493,488,484,480,477,473,469,465,461,458,454,451,447,444,441,437,434,431,428,424,421,418,415,412,409,406,404,401,398,395,392,390,387,385,382,379,377,374,372,369
100000,100000,100000,100000,6518,17614,10228,23157,23167,100000,100000,100000,15325,100000,6718,6456,6630,10586,7078,100000,6949,6894,6853,6567,6726,6839,6902,6997,7007,7449,7298,7190,7113,7061,7186,12240,7581,6996,7036,6738,7064,6896,6398,584,575,568,562,556,550,544,539,534,529,524,519,514,510,505,501,497,493,489,484,480,477,473,469,465,462,458,454,451,447,444,441,437,434,431,428,424,421,418,415,412,409,406,404,401,398,395,392,390,387,385,382,379,377,374,372,369
100000,100000,10597,100000,6459,17439,10164,11072,22890,100000,100000,100000,100000,100000,6675,6374,6530,10549,7022,7301,6908,6844,6797,6485,6601,6751,6799,6883,7028,7435,7274,7157,7072,7012,8105,13288,7722,6221,6951,6997,7010,6659,6626,584,576,568,562,556,550,544,539,534,529,524,519,514,510,505,501,497,493,489,484,480,477,473,469,465,462,458,454,451,447,444,441,437,434,431,428,424,421,418,415,412,409,406,404,401,398,395,392,390,387,385,382,379,377,374,372,369
100000,10619,100000,100000,6413,17282,17458,10972,100000,22644,100000,15244,100000,100000,6638,6534,6455,10517,6968,7220,6872,6797,6746,6693,6495,6671,6703,6776,6887,6758,7255,7126,7033,6967,7963,6676,8187,6276,6874,6921,6966,6506,6883,584,576,568,562,556,550,544,539,534,529,524,519,515,510,506,501,497,493,489,484,481,477,473,469,465,462,458,454,451,447,444,441,437,434,431,428,424,421,418,415,412,409,406,404,401,398,395,392,390,387,385,382,379,377,374,372,369
100000,100000,100000,100000,7094,15170,17286,10882,100000,100000,100000,100000,100000,100000,6092,6505,6354,10490,6918,7148,6842,6754,6699,6637,6402,6562,6617,6671,6770,6772,7241,6562,6998,6925,7852,6792,7949,7578,6804,6835,6910,6859,6667,584,576,568,562,556,550,544,539,534,529,524,519,515,510,506,501,497,493,489,484,481,477,473,469,465,462,458,454,451,447,444,441,437,434,431,428,424,421,418,415,412,409,406,404,401,398,395,392,390,387,385,382,379,377,374,372,369
100000,100000,9958,100000,100000,15101,17147,10799,100000,100000,15204,12471,100000,100000,6132,6480,6258,6436,7014,7082,6823,6714,5876,6585,6545,6441,6539,6577,6658,6786,7092,7077,6966,6886,7763,7022,7785,7890,6156,6758,6559,6819,6466,585,576,569,562,556,550,544,539,534,529,524,519,515,510,506,501,497,493,489,485,481,477,473,469,465,462,458,454,451,447,444,441,437,434,431,428,424,421,418,415,412,409,406,404,401,398,395,392,390,387,385,382,379,377,374,372,369
100000,100000,100000,100000,100000,100000,16949,10724,100000,100000,100000,12456,100000,100000,6141,6461,6180,6341,10139,7020,13422,6678,6614,6538,6490,6337,6466,6491,6552,6664,6855,7058,6937,6849,6788,7656,6438,7709,6662,6688,6726,6789,6715,585,576,569,562,556,550,544,539,534,529,524,519,515,510,506,501,497,493,489,485,481,477,473,469,465,462,458,454,451,447,444,441,437,434,431,428,424,421,418,415,412,409,406,404,401,398,395,393,390,387,385,382,379,377,374,372,369
100000,100000,100000,100000,100000,7048,16789,10649,100000,15135,100000,21603,100000,100000,6810,6427,6302,6269,100000,6962,12369,6647,6574,6495,6438,6247,6399,6414,6458,6547,6559,7044,6912,6816,6747,7581,6501,7572,5847,5907,6648,6711,6678,585,576,569,562,556,550,545,539,534,529,524,519,515,510,506,501,497,493,489,485,481,477,473,469,465,462,458,454,451,447,444,441,437,434,431,428,424,421,418,415,412,409,406,404,401,398,395,393,390,387,385,382,379,377,374,372,369
100000,100000,100000,100000,100000,7016,100000,10548,15036,100000,100000,100000,21469,12904,6760,6388,6269,6171,100000,6908,12401,6622,6535,6455,6391,6353,6292,6342,6373,6441,6567,6792,6889,6786,6709,7522,6620,7464,7494,6117,6577,6276,6651,585,576,569,562,556,550,545,539,534,529,524,519,515,510,506,501,497,493,489,485,481,477,473,469,465,462,458,454,451,447,444,441,437,434,431,428,424,421,418,415,412,409,406,404,401,398,395,393,390,387,385,382,379,377,374,372,370
100000,100000,100000,100000,100000,6112,100000,9610,100000,100000,100000,100000,100000,100000,6712,6354,6240,6079,6262,6857,12499,6602,6500,6420,6346,6302,6191,6277,6296,6346,6446,6613,6871,6758,6675,7481,6848,7377,7378,7423,5760,6379,6617,585,576,569,562,556,550,545,539,534,529,524,519,515,510,506,501,497,493,489,485,481,477,473,469,465,462,458,454,451,447,444,441,437,434,431,428,424,421,418,415,412,409,406,404,401,398,395,393,390,387,385,382,379,377,374,372,370
100000,100000,100000,100000,100000,6082,14979,9572,100000,100000,17204,100000,100000,21024,6665,6325,6214,6002,6170,6808,100000,6592,6469,6389,6306,6254,6103,6215,6226,6262,6327,6368,6751,6733,6643,6579,7362,6264,7285,7298,5824,6473,6526,585,576,569,562,556,550,545,539,534,529,524,519,515,510,506,501,497,493,489,485,481,477,473,469,465,462,458,454,451,447,444,441,437,434,431,428,424,421,418,415,412,409,406,404,401,398,395,393,390,387,385,382,379,377,374,372,370
100000,100000,100000,100000,100000,6061,15007,9514,100000,100000,100000,100000,100000,6954,6620,6302,6193,10018,6098,6760,100000,11947,6442,5658,6268,6210,6030,6155,6160,6185,6242,6352,6545,6712,6614,6543,7330,6330,7209,5587,6108,6408,6446,585,576,569,562,556,550,545,539,534,529,524,519,515,510,506,501,497,493,489,485,481,477,473,469,465,462,458,454,451,447,444,441,437,434,431,428,425,421,418,415,412,409,406,404,401,398,395,393,390,387,385,382,379,377,374,372,370
7469,100000,100000,100000,100000,6055,100000,10210,100000,100000,100000,100000,6980,100000,6576,6671,6176,9948,6007,6712,12446,9997,6421,6334,6235,6168,6127,6055,6100,6115,6157,6241,6398,6693,6587,6509,7317,6446,7149,7117,7118,5616,6103,585,576,569,562,556,550,545,539,534,529,524,519,515,510,506,501,497,493,489,485,481,477,473,469,465,462,458,454,451,447,444,441,437,434,431,428,425,421,418,415,412,409,407,404,401,398,395,393,390,387,385,382,379,377,374,372,370
100000,7374,100000,100000,100000,6003,100000,10135,10292,100000,6947,6987,11823,10095,6533,5749,6162,6033,5917,6108,12219,10032,6405,6304,5871,6130,6082,5968,6044,6051,6081,6145,6268,6493,6564,6479,7328,6662,7103,7052,7032,5751,6199,586,576,569,562,556,550,545,539,534,529,524,519,515,510,506,501,497,493,489,485,481,477,473,469,465,462,458,454,451,447,444,441,437,434,431,428,425,421,418,415,412,409,407,404,401,398,395,393,390,387,385,382,379,377,374,372,370
100000,100000,100000,7241,7178,5958,100000,7026,7028,7006,100000,100000,12598,100000,6492,5793,6130,6001,5841,6015,100000,10095,6396,6277,5981,6094,6041,5894,5993,5991,6011,6059,6153,6329,6543,6451,6385,7186,6097,7000,6107,6138,6249,586,577,569,562,556,550,545,539,534,529,524,519,515,510,506,501,497,493,489,485,481,477,473,469,465,462,458,454,451,447,444,441,437,434,431,428,425,421,418,415,412,409,407,404,401,398,395,393,390,387,385,382,379,377,374,372,370
100000,100000,100000,100000,100000,5923,20687,100000,10129,100000,100000,100000,100000,100000,6451,5784,6098,5976,13123,5942,9884,10130,11558,6254,6084,6062,6002,5964,5929,5881,5947,5982,6054,6193,6464,6425,6352,7209,6162,6962,5392,6875,5519,586,577,569,563,556,550,545,539,534,529,524,519,515,510,506,501,497,493,489,485,481,477,473,469,465,462,458,454,451,447,444,441,437,434,431,428,425,421,418,415,412,409,407,404,401,398,395,393,390,387,385,382,379,377,374,372,370
100000,100000,100000,100000,100000,6611,16386,100000,10058,100000,100000,100000,10099,100000,6412,6505,6072,5953,100000,5861,9916,10200,11563,6236,6138,6033,5965,5923,5843,6027,5888,5912,5967,6073,6273,6245,6322,7276,6271,6939,6860,6813,5687,586,577,569,563,556,550,545,539,534,529,524,519,515,510,506,501,497,493,489,485,481,477,473,469,465,462,458,454,451,448,444,441,437,434,431,428,425,421,418,415,412,409,407,404,401,398,395,393,390,387,385,382,379,377,374,372,370
100000,100000,100000,100000,100000,6578,16338,100000,9065,100000,100000,100000,100000,100000,6374,6468,6050,5934,100000,5771,5971,8957,11604,6224,5377,6008,5932,5883,5768,5910,6207,5848,5889,5970,6128,6382,6295,7278,6467,5904,6830,6764,6253,586,577,569,563,556,551,545,540,534,529,524,520,515,510,506,501,497,493,489,485,481,477,473,469,465,462,458,455,451,448,444,441,437,434,431,428,425,421,418,415,412,409,407,404,401,398,395,393,390,387,385,382,379,377,374,372,370
100000,100000,100000,100000,100000,6547,100000,20036,9044,100000,100000,100000,100000,100000,6337,6430,6033,5919,9731,5695,5876,32862,11707,6219,5534,5986,5901,5846,6704,5811,6050,5791,5818,5881,6001,6234,6271,6204,7190,5935,6815,5779,6672,586,577,569,563,556,551,545,540,534,529,524,520,515,510,506,501,497,493,489,485,481,477,473,469,465,462,458,455,451,448,444,441,437,434,431,428,425,421,418,415,412,409,407,404,401,398,395,393,390,387,385,382,379,377,374,372,370
100000,100000,100000,100000,100000,6522,7997,19940,9002,100000,100000,10055,100000,100000,6301,6391,6463,5909,9729,5631,5800,52348,11946,6222,6079,5968,5873,5811,6616,5725,5922,6740,5754,5802,5894,6074,6248,6174,7165,5996,6818,5237,6631,587,577,569,563,557,551,545,540,534,529,524,520,515,510,506,501,497,493,489,485,481,477,473,469,465,462,458,455,451,448,444,441,437,434,431,428,425,421,418,415,412,409,407,404,401,398,395,393,390,387,385,382,379,377,374,372,370
100000,100000,100000,100000,100000,100000,6418,16447,8954,100000,100000,9961,100000,11196,6266,6351,6417,5895,5760,6347,5730,11856,12228,11191,6065,5954,5848,5779,5729,5650,5803,6130,5697,5730,5802,5938,6220,6147,7079,6096,6847,6697,6602,587,577,570,563,557,551,545,540,534,529,524,520,515,510,506,501,497,493,489,485,481,477,473,469,465,462,458,455,451,448,444,441,437,434,431,428,425,421,418,415,412,409,407,404,401,398,395,393,390,387,385,382,379,377,374,372,370
100000,100000,100000,100000,100000,100000,5669,16493,9724,100000,100000,100000,100000,11218,6231,6310,6373,5867,5736,6307,5641,5855,12252,11211,6056,5943,5826,5749,6087,6509,5703,5957,6535,5666,5720,5825,6033,6123,6400,5403,5745,6710,6587,587,577,570,563,557,551,545,540,534,529,524,520,515,510,506,502,497,493,489,485,481,477,473,469,465,462,458,455,451,448,444,441,437,434,431,428,425,421,418,415,412,409,407,404,401,398,395,393,390,387,385,382,379,377,374,372,370
100000,100000,100000,100000,100000,100000,5648,100000,9651,100000,100000,100000,100000,11187,6198,6270,5422,5842,5717,6269,5564,5753,12297,11275,6055,5931,5808,5722,5670,6432,5616,5827,6587,5609,5648,5729,5886,6102,6033,6721,5778,6751,5606,587,577,570,563,557,551,545,540,534,529,524,520,515,510,506,502,497,493,489,485,481,477,473,469,465,462,458,455,451,448,444,441,437,434,431,428,425,421,418,415,412,409,407,404,401,398,395,393,390,387,385,382,379,377,374,372,370
100000,100000,100000,100000,100000,100000,5634,100000,9582,15193,9953,100000,100000,100000,6166,6230,5447,5822,5700,6232,5497,5673,12372,11414,6061,5090,5793,5698,5637,6363,5541,5706,6078,6159,5582,5645,5764,6009,6006,6894,5834,6845,5112,587,577,570,563,557,551,545,540,534,529,524,520,515,510,506,502,497,493,489,485,481,477,473,469,465,462,458,455,451,448,444,441,437,434,431,428,425,421,418,415,412,409,407,404,401,398,395,393,390,387,385,382,379,377,374,372,370
100000,100000,100000,100000,100000,100000,5632,100000,9517,15086,9904,100000,100000,100000,100000,6192,5459,5805,5686,6196,6330,5608,12500,5478,9538,5210,5783,5677,5607,6299,5477,5603,5879,5778,5524,5570,5663,5846,5983,6824,5923,6980,6666,588,577,570,563,557,551,545,540,535,529,525,520,515,510,506,502,497,493,489,485,481,477,473,469,465,462,458,455,451,448,444,441,437,434,431,428,425,422,418,415,412,409,407,404,401,398,395,393,390,387,385,382,379,377,374,372,370
100000,100000,100000,100000,100000,100000,5591,100000,9454,14920,9799,18419,100000,100000,100000,6155,5456,5793,5676,6161,6290,5526,12900,5529,9703,5338,5776,5658,5580,6240,6263,5516,5742,6324,5895,5503,5575,5713,5962,6761,6071,5595,6790,588,578,570,563,557,551,545,540,535,529,525,520,515,510,506,502,497,493,489,485,481,477,473,469,465,462,458,455,451,448,444,441,437,434,431,428,425,422,418,415,412,409,407,404,401,398,395,393,390,387,385,382,379,377,374,372,370
100000,100000,100000,100000,100000,100000,5553,100000,9393,8562,12135,100000,100000,100000,100000,6119,6178,9747,5670,5542,6251,5447,5648,5609,10885,5902,5772,5643,5556,6186,6199,5439,5618,6061,5930,5443,5498,5605,5822,5873,6371,5626,6903,588,578,570,563,557,551,545,540,535,530,525,520,515,510,506,502,497,493,489,485,481,477,473,469,466,462,458,455,451,448,444,441,437,434,431,428,425,422,418,415,412,410,407,404,401,398,395,393,390,387,385,382,379,377,374,372,370
100000,100000,100000,100000,100000,100000,5523,7657,9334,8530,12043,100000,100000,100000,100000,6084,6143,100000,5656,5518,6214,5379,5562,5666,10967,5911,5764,5631,5535,6135,6140,5372,5513,5819,5981,5699,5429,5512,5674,5849,6657,5676,6785,588,578,570,563,557,551,545,540,535,530,525,520,515,511,506,502,497,493,489,485,481,477,473,469,466,462,458,455,451,448,444,441,437,434,431,428,425,422,418,415,412,410,407,404,401,398,395,393,390,387,385,382,380,377,374,372,370
100000,100000,100000,100000,100000,100000,5500,7637,9277,8529,100000,100000,100000,17908,100000,6050,6109,100000,5633,5500,6178,5318,5492,9603,11142,5933,5756,5623,5517,5448,6085,6105,5423,5668,6042,5712,5368,5432,5555,5817,6598,5753,6688,588,578,570,563,557,551,545,540,535,530,525,520,515,511,506,502,497,493,489,485,481,477,473,469,466,462,458,455,451,448,444,441,438,434,431,428,425,422,418,415,412,410,407,404,401,398,395,393,390,387,385,382,380,377,374,372,370
100000,100000,100000,100000,100000,100000,6193,7622,9223,8468,100000,100000,100000,100000,10624,6017,6075,100000,5613,5485,6143,100000,5425,9744,11623,10231,5499,5620,5501,5423,6035,6045,5345,5542,6112,5734,5317,5361,5456,5648,6335,5877,5450,589,578,570,563,557,551,545,540,535,530,525,520,515,511,506,502,497,493,489,485,481,477,473,469,466,462,458,455,451,448,444,441,438,434,431,428,425,422,418,415,412,410,407,404,401,398,395,393,390,387,385,382,380,377,374,372,370
100000,100000,100000,100000,100000,100000,6163,7615,9170,8435,14604,100000,100000,100000,10633,5985,6043,100000,5597,5473,6109,17895,5345,5563,12307,10105,4886,5620,5489,5401,5988,5991,5277,5432,5783,5765,5546,5297,5372,5515,5721,6093,5479,589,578,570,563,557,551,545,540,535,530,525,520,515,511,506,502,497,493,489,485,481,477,473,469,466,462,458,455,451,448,444,441,438,434,431,428,425,422,418,415,412,410,407,404,401,398,395,393,390,387,385,382,380,377,374,372,370
100000,100000,100000,100000,100000,100000,6135,6070,100000,9239,14490,100000,100000,100000,10618,5953,6011,5121,5585,5463,6076,100000,5274,5468,12237,10570,4981,5619,5479,5383,5944,5845,5221,5339,5607,5809,5549,5241,5298,5408,5640,6444,5523,589,578,570,563,557,551,545,540,535,530,525,520,515,511,506,502,497,493,489,485,481,477,473,469,466,462,458,455,451,448,444,441,438,434,431,428,425,422,418,415,412,410,407,404,401,398,395,393,390,387,385,382,380,377,374,372,370
100000,100000,100000,100000,100000,100000,6109,6045,100000,9190,14363,100000,100000,100000,100000,5922,5981,5125,5576,5457,6044,100000,5211,5391,12171,10664,5077,5615,5474,5367,5902,5552,5901,5259,5476,5867,5561,6019,5067,5318,5489,5973,5589,590,578,570,563,557,551,545,540,535,530,525,520,515,511,506,502,497,493,489,485,481,477,473,469,466,462,458,455,451,448,444,441,438,434,431,428,425,422,419,415,412,410,407,404,401,398,395,393,390,387,385,382,380,377,375,372,370
100000,100000,100000,100000,100000,100000,6084,5302,7404,9144,14225,100000,100000,100000,100000,5892,5951,5142,5576,5453,5319,9365,5155,5328,11378,5404,10226,5615,5473,5354,5276,5848,5849,5188,5360,5783,5579,6028,5173,5240,5370,5659,5690,590,578,570,564,557,551,546,540,535,530,525,520,515,511,506,502,497,493,489,485,481,477,473,469,466,462,458,455,451,448,444,441,438,434,431,428,425,422,419,415,412,410,407,404,401,398,395,393,390,387,385,382,380,377,375,372,370
100000,100000,100000,100000,100000,100000,6060,5284,7384,9096,100000,100000,100000,100000,12193,5862,5922,5161,100000,5441,5301,9472,5263,5256,5506,5554,10214,5622,5476,5344,5256,5807,5802,5127,5263,5563,5606,5404,5868,5171,5272,5479,5855,590,578,570,564,557,551,546,540,535,530,525,520,515,511,506,502,497,493,489,485,481,477,473,469,466,462,458,455,451,448,444,441,438,434,431,428,425,422,419,415,413,410,407,404,401,398,395,393,390,387,385,382,380,377,375,372,370
100000,100000,100000,100000,100000,100000,6038,5272,7368,9036,100000,100000,100000,100000,12247,5833,5893,5151,100000,5422,5288,6085,5318,5182,5393,5733,10222,5638,5480,5337,5240,5768,5756,5763,5180,5421,5644,5406,5871,5110,5189,5343,5734,591,578,571,564,557,551,546,540,535,530,525,520,515,511,506,502,497,493,489,485,481,477,473,469,466,462,458,455,451,448,444,441,438,434,431,428,425,422,419,415,413,410,407,404,401,398,395,393,390,387,385,382,380,377,375,372,370
100000,100000,100000,100000,100000,100000,6153,5267,7356,8976,8080,100000,100000,100000,100000,5805,5865,5152,8351,5405,5276,6043,5367,5117,5308,11378,10060,5665,5481,5334,5226,5731,5714,5714,5108,5299,5695,5415,5877,5056,5116,5235,5492,591,579,571,564,557,551,546,540,535,530,525,520,515,511,506,502,498,493,489,485,481,477,473,469,466,462,458,455,451,448,444,441,438,434,431,428,425,422,419,416,413,410,407,404,401,398,395,393,390,387,385,382,380,377,375,372,370
100000,100000,100000,100000,100000,100000,6132,5259,7351,8919,8054,100000,20695,20420,20252,5777,5838,5165,8231,5393,5267,6005,5411,5058,5237,10891,9819,4664,5484,5334,5215,5140,5674,5667,5044,5196,5547,5431,5887,5729,5052,5145,5331,904,579,571,564,557,551,546,540,535,530,525,520,515,511,506,502,498,493,489,485,481,477,473,469,466,462,458,455,451,448,444,441,438,434,431,428,425,422,419,416,413,410,407,404,401,398,395,393,390,387,385,382,380,377,375,372,370
100000,100000,100000,100000,100000,100000,100000,5221,7319,7198,8050,14000,100000,12028,100000,5749,5811,5849,100000,5383,5260,5969,12254,5006,5176,10508,9725,4726,5494,5339,5207,5120,5636,5623,4989,5109,5378,5454,5269,5730,4995,5068,5208,903,579,571,564,557,551,546,540,535,530,525,520,515,511,506,502,498,493,489,485,481,477,473,469,466,462,458,455,451,448,444,441,438,434,431,428,425,422,419,416,413,410,407,404,401,398,395,393,390,387,385,382,380,377,375,372,370
100000,100000,100000,100000,100000,100000,100000,5192,7285,7176,8016,13888,100000,12085,100000,5722,5784,5818,100000,5377,5256,5137,11689,10768,5105,5342,11342,4810,5512,5348,5202,5105,5601,5581,5580,5034,5249,5486,5268,5734,5601,5000,917,902,579,571,564,557,551,546,540,535,530,525,520,515,511,506,502,498,493,489,485,481,477,473,469,466,462,458,455,451,448,444,441,438,434,431,428,425,422,419,416,413,410,407,404,401,398,395,393,390,387,385,382,380,377,375,372,370
100000,100000,100000,100000,100000,100000,100000,5168,7256,7159,7977,13789,100000,100000,100000,5696,5757,5788,100000,5377,5254,5118,100000,10614,5035,5243,10932,4886,5542,5354,5201,5093,5568,5542,5534,4968,5139,5251,5276,5741,5597,4939,915,902,579,571,564,558,552,546,540,535,530,525,520,515,511,506,502,498,493,489,485,481,477,473,469,466,462,458,455,451,448,444,441,438,434,431,428,425,422,419,416,413,410,407,404,401,398,395,393,390,387,385,382,380,377,375,372,370
100000,100000,100000,100000,100000,100000,100000,5149,7230,7145,7955,13652,100000,100000,100000,5670,5730,5758,9235,5693,5245,5104,100000,5324,4974,5163,10607,5022,5588,5360,5203,5084,5537,5506,5491,4909,5047,5008,5290,5752,5596,4886,914,901,579,571,564,558,552,546,540,535,530,525,520,515,511,506,502,498,493,489,485,481,477,473,469,466,462,458,455,451,448,444,441,438,434,431,428,425,422,419,416,413,410,407,404,401,398,395,393,390,387,385,382,380,377,375,372,370
100000,100000,100000,100000,100000,100000,100000,5855,5774,7134,8788,100000,11911,100000,100000,5645,5703,5730,4844,5668,5229,5087,100000,5430,4919,5097,10401,7334,5682,5372,5210,5078,4991,5472,5451,5450,4968,4858,5309,5713,5598,5476,913,901,579,571,564,558,552,546,540,535,530,525,520,515,511,506,502,498,493,489,485,481,477,473,469,466,462,458,455,451,448,444,441,438,434,431,428,425,422,419,416,413,410,407,404,401,398,395,393,390,387,385,382,380,377,375,372,370
100000,100000,100000,100000,100000,100000,100000,5827,5749,7128,7006,100000,11959,100000,100000,5620,5675,5702,4850,5644,5216,5085,100000,5561,4869,5037,10262,10288,5502,5392,5221,5075,4978,5440,5414,5406,4899,4758,5336,5137,5602,928,912,901,579,571,564,558,552,546,540,535,530,525,520,516,511,506,502,498,493,489,485,481,477,473,470,466,462,458,455,451,448,444,441,438,434,431,428,425,422,419,416,413,410,407,404,401,398,395,393,390,387,385,382,380,377,375,372,370
100000,100000,100000,100000,100000,100000,100000,5801,5728,7104,6986,100000,100000,100000,100000,5595,5648,5674,4863,5620,5206,5078,5236,11119,10806,4968,5202,9910,4449,5424,5231,5075,4968,5411,5379,5365,4838,4993,5364,5143,5610,925,912,900,579,571,564,558,552,546,540,535,530,525,520,516,511,506,502,498,493,489,485,481,477,473,470,466,462,458,455,451,448,444,441,438,434,431,428,425,422,419,416,413,410,407,404,401,398,395,393,390,387,385,382,380,377,375,372,370
100000,100000,100000,100000,100000,100000,100000,5776,4993,7072,6970,11782,100000,100000,100000,5571,5621,5648,4879,5596,5198,5073,5333,11817,10713,4903,5109,5811,4480,5472,5241,5079,4960,5384,5347,5327,4784,4910,5188,5154,5603,924,911,900,579,571,564,558,552,546,541,535,530,525,520,516,511,506,502,498,493,489,485,481,477,473,470,466,462,458,455,451,448,444,441,438,434,431,428,425,422,419,416,413,410,407,404,401,398,395,393,390,387,385,382,380,377,375,372,370
100000,100000,100000,100000,100000,100000,100000,5753,4973,7045,6957,11836,100000,100000,100000,5547,5595,5622,4871,5573,5194,5071,4949,11800,10641,4844,5033,5583,4530,5713,5255,5087,4956,4870,5316,5292,5284,4837,5059,5170,5505,923,911,900,580,571,564,558,552,546,541,535,530,525,520,516,511,506,502,498,493,489,485,481,477,473,470,466,462,458,455,451,448,444,441,438,434,431,428,425,422,419,416,413,410,407,404,401,398,395,393,390,387,385,382,380,377,375,372,370
100000,100000,100000,100000,100000,100000,100000,5730,4960,7020,6947,6848,13405,100000,18424,5524,5569,5596,4865,5550,5193,5071,4935,11787,10829,4791,4969,5443,4597,6006,5277,5099,4954,4857,5288,5258,5245,4773,4950,5193,5012,922,910,899,580,571,564,558,552,546,541,535,530,525,520,516,511,506,502,498,493,489,485,481,477,473,470,466,462,458,455,451,448,444,441,438,434,431,428,425,422,419,416,413,410,407,404,401,398,395,393,390,387,385,382,380,377,375,372,370
100000,100000,100000,100000,100000,100000,100000,5709,4950,6998,6940,6829,13299,18483,100000,5501,5544,5571,4866,5528,5602,5064,4924,11778,10757,4743,4911,5320,4653,5998,5311,5114,4955,4848,5262,5227,5209,4717,4860,5190,936,921,910,899,580,571,564,558,552,546,541,535,530,525,520,516,511,506,502,498,494,489,485,481,477,473,470,466,462,458,455,451,448,444,441,438,434,431,428,425,422,419,416,413,410,407,404,401,398,395,393,390,387,385,382,380,377,375,372,370
100000,100000,100000,100000,100000,100000,100000,5688,4945,6978,6928,6813,13218,100000,100000,5479,5519,5547,4873,5506,4952,5052,4915,11773,10702,4702,4845,5080,4731,5994,5360,5126,4960,4842,5239,5198,5042,4667,4783,5039,934,921,909,899,580,572,564,558,552,546,541,535,530,525,520,516,511,507,502,498,494,489,485,481,477,473,470,466,462,458,455,451,448,444,441,438,434,431,428,425,422,419,416,413,410,407,404,401,398,395,393,390,387,385,382,380,377,375,372,370
100000,100000,100000,100000,100000,100000,100000,5668,4945,6961,6899,6800,13093,100000,9150,5456,5494,5523,5576,5484,4986,5041,4908,11774,10999,10357,4782,4990,5986,5992,5584,5142,4969,4839,4755,5171,4866,5131,4716,4920,933,920,909,899,580,572,564,558,552,546,541,535,530,525,520,516,511,507,502,498,494,489,485,481,477,473,470,466,462,458,455,451,448,444,441,438,434,431,428,425,422,419,416,413,410,407,404,401,398,395,393,390,387,385,382,380,377,375,372,370
100000,100000,100000,100000,100000,100000,100000,5648,4920,8293,6872,6788,6699,100000,9178,5435,5470,5499,5548,5463,5031,5032,4903,11781,10226,10320,4726,4915,5980,5992,5602,5166,4983,4838,4742,5147,4741,5096,4656,4820,932,920,909,898,580,572,565,558,552,546,541,535,530,525,520,516,511,507,502,498,494,489,485,481,477,473,470,466,462,459,455,451,448,444,441,438,434,431,428,425,422,419,416,413,410,407,404,401,398,395,393,390,387,385,382,380,377,375,372,370
100000,100000,100000,100000,100000,100000,100000,5629,4893,11669,6848,6779,6683,9145,9220,5413,5447,5476,5521,5442,5045,5027,4900,11795,10090,10443,4675,4853,5976,4264,5988,5201,5000,4841,4735,5124,4648,5064,4603,946,931,920,909,898,580,572,565,558,552,546,541,535,530,525,520,516,511,507,502,498,494,489,485,481,477,473,470,466,462,459,455,451,448,444,441,438,434,431,428,425,422,419,416,413,410,407,404,401,398,395,393,390,387,385,382,380,377,375,372,370
100000,100000,100000,100000,100000,100000,100000,5611,4870,11678,6826,6772,6668,9172,9223,5392,5424,5454,5495,4587,5075,5023,4899,4777,9982,5582,4628,4796,5973,4284,6042,5252,5016,4847,4730,5102,4580,5033,4557,944,931,919,908,898,580,572,565,558,552,546,541,535,530,525,520,516,511,507,502,498,494,489,485,481,477,473,470,466,462,459,455,451,448,444,441,438,434,431,428,425,422,419,416,413,410,407,404,401,398,395,393,390,387,385,382,380,377,375,372,370
100000,100000,100000,100000,100000,100000,100000,5594,4852,5492,6806,6758,6656,6577,20924,5371,5401,5432,5469,4588,5461,5023,4900,4766,9884,5452,4586,4734,4973,4317,6048,5329,5033,4857,4727,4646,5036,5005,4989,943,930,919,908,898,580,572,565,558,552,546,541,536,530,525,521,516,511,507,502,498,494,489,485,481,477,473,470,466,462,459,455,451,448,444,441,438,434,431,428,425,422,419,416,413,410,407,404,401,398,396,393,390,387,385,382,380,377,375,372,370
